Site Name,Currently Being Observed,1953,1954,1955,1956,1957,1958,1959,1960,1961,1962,1963,1964,1965,1966,1967,1968,1969,1970,1971,1972,1973,1974,1975,1976,1977,1978,1979,1980,1981,1982,1983,1984,1985,1986,1987,1988,1989,1990,1991,1992,1993,1994,1995,1996,1997,1998,1999,2000,2001,2002,2003,2004,2005,2006,2007,2008,2009,2010,2011,2012,2013,2014,2015,2016,2017,2018,2019,2020,2021,30 Year Average 1981-2010,Notes,Location,Latitude,Longitude
"Wakkanai, Japan",True,5/21/1953,5/17/1954,5/17/1955,5/12/1956,5/18/1957,5/23/1958,5/3/1959,5/19/1960,5/11/1961,5/10/1962,5/12/1963,5/16/1964,5/18/1965,,,,,,,,5/20/1973,5/19/1974,5/19/1975,5/20/1976,5/21/1977,5/16/1978,5/21/1979,5/25/1980,5/11/1981,5/16/1982,5/6/1983,5/24/1984,5/13/1985,5/13/1986,5/16/1987,5/15/1988,5/16/1989,5/6/1990,5/14/1991,5/17/1992,5/15/1993,5/16/1994,5/8/1995,5/20/1996,5/15/1997,5/11/1998,5/14/1999,5/18/2000,5/17/2001,4/29/2002,5/10/2003,5/10/2004,5/23/2005,5/18/2006,5/15/2007,5/2/2008,5/10/2009,5/22/2010,5/19/2011,5/14/2012,5/26/2013,5/11/2014,5/3/2015,5/13/2016,5/9/2017,5/12/2018,5/7/2019,5/10/2020,5/8/2021,5 14,Sargent cherry (Prunus sargentii),"稚内市, 宗谷総合振興局, 北海道, 日本",45.4158108,141.6730309
"Rumoi, Japan",False,5/8/1953,5/11/1954,5/13/1955,5/8/1956,5/10/1957,5/12/1958,,,5/7/1961,5/9/1962,5/13/1963,5/8/1964,5/18/1965,5/16/1966,5/11/1967,5/8/1968,5/16/1969,5/9/1970,5/17/1971,,5/12/1973,5/15/1974,5/8/1975,5/14/1976,5/14/1977,5/12/1978,5/17/1979,5/20/1980,5/9/1981,5/10/1982,4/30/1983,5/22/1984,5/11/1985,5/9/1986,5/9/1987,5/9/1988,5/3/1989,4/26/1990,5/7/1991,5/12/1992,5/12/1993,5/14/1994,5/5/1995,5/20/1996,5/12/1997,4/29/1998,5/14/1999,5/13/2000,5/11/2001,4/26/2002,5/9/2003,5/10/2004,5/20/2005,5/14/2006,5/11/2007,4/29/2008,,,,,,,,,,,,,,-,Sargent cherry (Prunus sargentii),"留萌市, 留萌振興局, 北海道, 日本",43.941029,141.6368171
"Asahikawa, Japan",True,5/11/1953,5/13/1954,5/9/1955,5/7/1956,5/9/1957,5/10/1958,5/8/1959,5/13/1960,5/8/1961,5/8/1962,5/10/1963,5/12/1964,5/15/1965,5/14/1966,5/5/1967,5/2/1968,5/6/1969,5/7/1970,5/12/1971,4/30/1972,5/9/1973,5/13/1974,5/8/1975,5/11/1976,5/13/1977,5/8/1978,5/12/1979,5/16/1980,5/5/1981,5/5/1982,4/27/1983,5/14/1984,5/3/1985,5/6/1986,5/9/1987,5/7/1988,5/3/1989,4/28/1990,5/5/1991,5/9/1992,5/8/1993,5/11/1994,5/2/1995,5/7/1996,5/5/1997,4/23/1998,5/4/1999,5/9/2000,5/4/2001,4/23/2002,5/2/2003,5/6/2004,5/14/2005,5/10/2006,5/6/2007,4/23/2008,5/3/2009,5/11/2010,5/9/2011,5/2/2012,5/18/2013,5/2/2014,4/27/2015,5/3/2016,5/3/2017,4/30/2018,5/1/2019,5/3/2020,4/29/2021,5  5,Sargent cherry (Prunus sargentii),"旭川, 南連絡通路, 宮下通八丁目, 神楽, 旭川市, 上川総合振興局, 北海道, 0700031, 日本",43.7627501,142.3579263
"Abashiri, Japan",True,5/24/1953,5/16/1954,5/18/1955,5/9/1956,,,5/3/1959,,5/8/1961,,5/13/1963,,5/17/1965,5/18/1966,5/10/1967,5/6/1968,5/9/1969,5/8/1970,5/16/1971,5/3/1972,5/9/1973,5/16/1974,5/14/1975,5/13/1976,5/13/1977,5/10/1978,5/24/1979,5/21/1980,5/14/1981,5/11/1982,5/3/1983,5/24/1984,5/10/1985,5/8/1986,5/9/1987,5/12/1988,5/16/1989,5/7/1990,5/8/1991,5/13/1992,5/20/1993,5/13/1994,5/8/1995,5/24/1996,5/12/1997,4/28/1998,5/9/1999,5/18/2000,5/12/2001,4/29/2002,5/10/2003,5/12/2004,5/21/2005,5/15/2006,5/12/2007,5/3/2008,5/4/2009,5/17/2010,5/16/2011,5/3/2012,5/25/2013,5/7/2014,4/30/2015,5/8/2016,5/5/2017,5/2/2018,5/5/2019,5/7/2020,5/6/2021,5 11,Sargent cherry (Prunus sargentii),"網走市, オホーツク総合振興局, 北海道, 日本",44.0206027,144.2732035
"Sapporo, Japan",True,5/7/1953,5/4/1954,5/11/1955,5/4/1956,5/9/1957,,5/5/1959,5/5/1960,5/4/1961,4/30/1962,5/2/1963,5/4/1964,5/13/1965,5/3/1966,5/1/1967,4/26/1968,5/5/1969,5/3/1970,5/9/1971,4/29/1972,5/5/1973,5/11/1974,5/4/1975,5/7/1976,5/11/1977,5/10/1978,5/9/1979,5/14/1980,5/5/1981,5/4/1982,4/28/1983,5/12/1984,5/3/1985,5/5/1986,5/6/1987,5/3/1988,4/29/1989,4/25/1990,5/2/1991,5/4/1992,5/6/1993,5/6/1994,5/1/1995,5/5/1996,5/1/1997,4/23/1998,5/3/1999,5/8/2000,4/29/2001,4/22/2002,5/1/2003,5/5/2004,5/10/2005,5/8/2006,5/4/2007,4/21/2008,5/1/2009,5/7/2010,5/7/2011,5/1/2012,5/13/2013,4/29/2014,4/22/2015,4/25/2016,4/28/2017,4/26/2018,4/24/2019,4/30/2020,4/22/2021,5  3,,"札幌市, 石狩振興局, 北海道, 日本",43.061936,141.3542924
"Iwamizawa, Japan",False,5/9/1953,5/6/1954,5/10/1955,5/5/1956,5/8/1957,5/10/1958,4/28/1959,5/11/1960,5/4/1961,5/3/1962,5/8/1963,5/7/1964,5/16/1965,5/12/1966,5/5/1967,5/3/1968,5/10/1969,5/9/1970,5/14/1971,5/4/1972,5/7/1973,5/11/1974,5/8/1975,5/9/1976,5/12/1977,5/10/1978,5/10/1979,5/15/1980,5/7/1981,5/5/1982,4/27/1983,5/17/1984,5/4/1985,5/5/1986,5/8/1987,5/5/1988,4/28/1989,4/26/1990,5/4/1991,5/9/1992,5/7/1993,5/8/1994,5/3/1995,5/7/1996,5/3/1997,4/24/1998,5/3/1999,5/9/2000,5/3/2001,4/22/2002,5/2/2003,5/6/2004,5/11/2005,5/9/2006,,,,,,,,,,,,,,,,-,Sargent cherry (Prunus sargentii),"岩見沢市, 空知総合振興局, 北海道, 日本",43.1959915,141.7761132
"Obihiro, Japan",True,5/15/1953,5/7/1954,5/10/1955,5/5/1956,5/9/1957,5/13/1958,5/1/1959,5/11/1960,5/5/1961,5/4/1962,5/7/1963,5/8/1964,5/15/1965,5/13/1966,5/3/1967,5/2/1968,5/7/1969,5/10/1970,5/13/1971,5/3/1972,5/6/1973,5/10/1974,5/12/1975,5/9/1976,5/11/1977,5/11/1978,5/11/1979,5/14/1980,5/4/1981,5/6/1982,5/1/1983,5/19/1984,5/3/1985,5/6/1986,5/4/1987,5/4/1988,5/5/1989,5/1/1990,5/4/1991,5/6/1992,5/8/1993,5/6/1994,5/4/1995,5/8/1996,4/30/1997,4/23/1998,5/3/1999,5/10/2000,4/29/2001,4/24/2002,5/2/2003,5/5/2004,5/4/2005,5/8/2006,5/6/2007,4/26/2008,5/1/2009,5/8/2010,5/3/2011,5/5/2012,5/10/2013,4/27/2014,4/26/2015,4/30/2016,5/1/2017,4/27/2018,4/28/2019,5/2/2020,4/24/2021,5  4,Sargent cherry (Prunus sargentii),"帯広市, 十勝総合振興局, 北海道, 日本",42.923809,143.1966324
"Kushiro, Japan",True,,,,,,,,,,,,,,,,,,,,5/7/1972,5/12/1973,5/18/1974,5/22/1975,5/15/1976,5/24/1977,5/25/1978,5/28/1979,5/24/1980,5/22/1981,5/17/1982,5/12/1983,5/30/1984,5/18/1985,5/16/1986,5/17/1987,5/18/1988,5/18/1989,5/10/1990,5/11/1991,5/17/1992,5/16/1993,5/13/1994,5/14/1995,5/28/1996,5/19/1997,5/14/1998,5/19/1999,5/17/2000,5/18/2001,5/10/2002,5/22/2003,5/16/2004,5/22/2005,5/18/2006,5/16/2007,5/15/2008,5/10/2009,5/19/2010,5/18/2011,5/17/2012,5/23/2013,5/12/2014,5/6/2015,5/10/2016,5/14/2017,5/12/2018,5/9/2019,5/10/2020,5/8/2021,5 17,Sargent cherry (Prunus sargentii),"釧路, 釧路停車場線, 北大通十四丁目, 釧路市, 釧路総合振興局, 北海道, 085-0836, 日本",42.9906837,144.3820381
"Nemuro, Japan",False,,,,,,,,5/25/1960,5/18/1961,5/15/1962,5/18/1963,5/22/1964,5/21/1965,5/20/1966,5/14/1967,5/22/1968,5/17/1969,5/20/1970,5/26/1971,5/12/1972,5/14/1973,5/17/1974,5/26/1975,5/17/1976,5/27/1977,5/17/1978,5/28/1979,5/25/1980,5/24/1981,5/19/1982,5/15/1983,5/30/1984,5/19/1985,5/19/1986,5/15/1987,5/22/1988,5/20/1989,5/11/1990,5/13/1991,5/24/1992,,5/19/1994,5/18/1995,5/24/1996,5/14/1997,5/14/1998,5/19/1999,5/22/2000,5/16/2001,5/8/2002,5/21/2003,5/14/2004,5/21/2005,5/17/2006,5/16/2007,5/16/2008,5/10/2009,5/18/2010,,,,,,,,,,,,-,Kurile Island Cherry (Cerasus nipponica var. kurilensis),"根室市, 根室振興局, 北海道, 日本",43.3301154,145.5829068
"Muroran, Japan",True,5/10/1953,5/7/1954,5/18/1955,5/8/1956,5/8/1957,5/12/1958,4/27/1959,5/8/1960,5/5/1961,5/8/1962,5/6/1963,5/7/1964,5/16/1965,5/16/1966,5/4/1967,5/5/1968,5/7/1969,5/14/1970,5/12/1971,5/4/1972,5/8/1973,5/11/1974,5/8/1975,5/10/1976,5/12/1977,5/12/1978,5/12/1979,5/15/1980,5/6/1981,5/10/1982,4/29/1983,5/25/1984,5/10/1985,5/8/1986,5/9/1987,5/6/1988,4/30/1989,4/26/1990,5/2/1991,5/6/1992,5/4/1993,5/6/1994,5/5/1995,5/13/1996,5/2/1997,4/29/1998,5/8/1999,5/15/2000,5/9/2001,4/23/2002,5/2/2003,5/4/2004,5/10/2005,5/12/2006,5/7/2007,4/25/2008,5/3/2009,5/14/2010,5/6/2011,5/9/2012,5/16/2013,4/29/2014,4/28/2015,4/25/2016,5/2/2017,4/29/2018,4/29/2019,5/1/2020,4/27/2021,5  6,,"室蘭市, 胆振総合振興局, 北海道, 日本",42.3152461,140.9740731
"Urakawa, Japan",False,5/9/1953,5/7/1954,5/11/1955,5/7/1956,5/14/1957,5/12/1958,5/2/1959,5/13/1960,5/4/1961,5/3/1962,5/10/1963,5/11/1964,5/18/1965,5/11/1966,5/6/1967,5/10/1968,5/9/1969,5/12/1970,5/14/1971,5/3/1972,5/11/1973,5/12/1974,5/8/1975,5/15/1976,5/14/1977,5/16/1978,5/18/1979,5/19/1980,5/12/1981,5/13/1982,5/5/1983,5/25/1984,5/12/1985,5/10/1986,5/12/1987,5/12/1988,5/8/1989,5/6/1990,5/7/1991,5/12/1992,5/12/1993,5/13/1994,5/9/1995,5/11/1996,5/5/1997,5/4/1998,5/2/1999,5/8/2000,5/9/2001,4/28/2002,5/10/2003,5/11/2004,5/16/2005,5/11/2006,5/8/2007,5/4/2008,5/5/2009,,,,,,,,,,,,,-,Sargent cherry (Prunus sargentii),"浦河町, 浦河郡, 日高振興局, 北海道, 〒057-0171, 日本",42.1684998,142.7680974
"Esashi, Japan",False,5/8/1953,5/1/1954,5/3/1955,5/3/1956,5/4/1957,5/5/1958,4/27/1959,5/2/1960,4/28/1961,4/29/1962,4/27/1963,5/5/1964,5/13/1965,5/4/1966,5/1/1967,4/27/1968,5/5/1969,5/7/1970,5/10/1971,4/29/1972,5/1/1973,5/10/1974,4/30/1975,5/5/1976,5/8/1977,5/8/1978,5/4/1979,5/12/1980,5/3/1981,5/2/1982,4/26/1983,5/19/1984,5/4/1985,5/6/1986,5/5/1987,5/4/1988,4/23/1989,4/23/1990,4/30/1991,4/28/1992,5/1/1993,,4/29/1995,5/5/1996,4/30/1997,4/22/1998,4/28/1999,5/5/2000,4/29/2001,4/18/2002,4/29/2003,4/29/2004,5/3/2005,5/7/2006,5/1/2007,,,,,,,,,,,,,,,-,,"江差町, 檜山郡, 檜山振興局, 北海道, 043-0063, 日本",41.8690714,140.1272235
"Hakodate, Japan",True,5/2/1953,5/3/1954,5/8/1955,5/3/1956,5/8/1957,5/4/1958,4/26/1959,5/4/1960,4/30/1961,5/3/1962,5/3/1963,5/5/1964,5/14/1965,5/7/1966,5/3/1967,5/2/1968,5/5/1969,5/6/1970,5/11/1971,4/29/1972,5/2/1973,5/9/1974,5/1/1975,5/9/1976,5/8/1977,5/8/1978,5/7/1979,5/12/1980,5/3/1981,5/7/1982,4/27/1983,5/23/1984,5/4/1985,5/5/1986,5/4/1987,5/2/1988,4/23/1989,4/22/1990,4/28/1991,4/28/1992,4/27/1993,4/30/1994,4/30/1995,5/4/1996,4/27/1997,4/22/1998,4/27/1999,5/3/2000,4/28/2001,4/18/2002,4/28/2003,4/26/2004,5/1/2005,5/7/2006,4/30/2007,4/22/2008,4/25/2009,5/5/2010,5/2/2011,5/2/2012,5/8/2013,4/28/2014,4/21/2015,4/24/2016,4/27/2017,4/25/2018,4/24/2019,4/26/2020,4/20/2021,4 30,,"函館市, 渡島総合振興局, 北海道, 日本",41.768793,140.729008
"Kutchan, Japan",False,5/12/1953,5/11/1954,5/19/1955,5/13/1956,5/15/1957,5/16/1958,5/2/1959,5/17/1960,5/9/1961,5/8/1962,5/7/1963,5/9/1964,5/20/1965,5/17/1966,5/9/1967,5/10/1968,5/10/1969,5/17/1970,,5/7/1972,5/11/1973,5/14/1974,5/10/1975,5/16/1976,5/14/1977,5/14/1978,5/17/1979,5/19/1980,5/10/1981,5/11/1982,5/1/1983,5/22/1984,5/11/1985,5/11/1986,5/13/1987,5/14/1988,5/5/1989,5/6/1990,5/9/1991,5/10/1992,5/12/1993,5/14/1994,5/8/1995,5/19/1996,5/9/1997,4/28/1998,5/9/1999,5/12/2000,5/8/2001,4/25/2002,5/4/2003,5/7/2004,5/14/2005,5/15/2006,,,,,,,,,,,,,,,,-,"Until 1994 Sargent Cherry, from 1995 to 2006 they were Yoshino Cherry.","倶知安町, 虻田郡, 後志総合振興局, 北海道, 日本",42.901741,140.7590818
"Monbetsu, Japan",False,,,,5/5/1956,5/11/1957,5/19/1958,5/1/1959,5/15/1960,5/6/1961,5/9/1962,5/9/1963,5/13/1964,5/18/1965,5/19/1966,5/6/1967,5/7/1968,5/6/1969,5/9/1970,5/16/1971,5/5/1972,5/11/1973,5/14/1974,5/22/1975,5/10/1976,5/12/1977,5/8/1978,5/21/1979,5/20/1980,5/11/1981,5/12/1982,5/1/1983,5/25/1984,5/10/1985,5/6/1986,5/6/1987,5/11/1988,5/15/1989,5/6/1990,5/7/1991,5/11/1992,5/17/1993,5/11/1994,5/7/1995,5/27/1996,5/7/1997,4/29/1998,5/12/1999,5/21/2000,5/13/2001,4/28/2002,5/8/2003,5/11/2004,5/21/2005,5/16/2006,5/15/2007,,,,,,,,,,,,,,,-,Sargent cherry (Prunus sargentii),"紋別市, オホーツク総合振興局, 北海道, 日本",44.3565151,143.3545224
"Hiroo, Japan",False,,,,,,5/9/1958,4/29/1959,5/9/1960,5/2/1961,5/5/1962,5/6/1963,5/11/1964,5/17/1965,5/15/1966,5/2/1967,5/2/1968,5/5/1969,5/12/1970,5/12/1971,5/5/1972,5/5/1973,5/12/1974,5/13/1975,5/8/1976,5/11/1977,5/10/1978,5/21/1979,5/17/1980,5/7/1981,5/9/1982,5/1/1983,5/28/1984,5/10/1985,5/9/1986,5/5/1987,5/7/1988,5/7/1989,5/3/1990,5/4/1991,5/10/1992,5/13/1993,5/8/1994,5/5/1995,5/13/1996,5/2/1997,4/26/1998,,,,,,,,,,,,,,,,,,,,,,,,-,Sargent cherry (Prunus sargentii),"広尾町, 広尾郡, 十勝総合振興局, 北海道, 日本",42.285532,143.3116162
"Shinjo, Japan",False,,,,,,4/23/1958,4/15/1959,4/23/1960,4/22/1961,4/23/1962,4/20/1963,4/17/1964,5/6/1965,4/22/1966,4/23/1967,4/21/1968,4/22/1969,4/29/1970,4/23/1971,4/13/1972,4/20/1973,4/28/1974,4/22/1975,4/25/1976,4/26/1977,4/28/1978,4/22/1979,4/29/1980,4/27/1981,4/23/1982,4/18/1983,5/6/1984,4/25/1985,4/26/1986,4/21/1987,4/26/1988,4/14/1989,4/13/1990,4/17/1991,4/19/1992,4/21/1993,4/20/1994,4/20/1995,4/27/1996,4/24/1997,,,,,,,,,,,,,,,,,,,,,,,,,-,,"新庄市, 山形県, 日本",38.7648577,140.3021449
"Aomori, Japan",True,,,,4/26/1956,5/1/1957,4/29/1958,4/19/1959,4/27/1960,4/24/1961,4/25/1962,4/21/1963,4/29/1964,5/3/1965,4/28/1966,4/27/1967,4/24/1968,4/29/1969,5/4/1970,4/28/1971,4/24/1972,4/22/1973,5/1/1974,4/26/1975,4/25/1976,5/2/1977,5/1/1978,4/30/1979,5/4/1980,4/27/1981,4/27/1982,4/21/1983,5/11/1984,4/29/1985,5/1/1986,4/25/1987,4/28/1988,4/15/1989,4/15/1990,4/24/1991,4/22/1992,4/23/1993,4/22/1994,4/24/1995,4/30/1996,4/23/1997,4/16/1998,4/26/1999,4/29/2000,4/23/2001,4/14/2002,4/20/2003,4/18/2004,4/29/2005,5/1/2006,4/25/2007,4/17/2008,4/18/2009,4/28/2010,4/25/2011,4/29/2012,4/29/2013,4/22/2014,4/14/2015,4/17/2016,4/17/2017,4/19/2018,4/18/2019,4/17/2020,4/13/2021,4 24,,"青森県, 日本",40.886943,140.590121
"Hachinohe, Japan",False,4/26/1953,4/24/1954,4/23/1955,4/24/1956,4/27/1957,4/24/1958,4/21/1959,4/27/1960,4/22/1961,4/23/1962,4/20/1963,4/27/1964,5/6/1965,4/26/1966,4/26/1967,4/22/1968,4/26/1969,4/30/1970,4/22/1971,4/24/1972,4/20/1973,4/29/1974,4/25/1975,4/25/1976,4/28/1977,4/28/1978,5/1/1979,4/29/1980,4/25/1981,4/26/1982,4/20/1983,5/18/1984,4/27/1985,4/29/1986,4/23/1987,4/27/1988,4/15/1989,4/12/1990,4/19/1991,4/21/1992,4/21/1993,4/23/1994,4/23/1995,4/28/1996,4/22/1997,4/14/1998,4/22/1999,4/25/2000,4/19/2001,4/13/2002,4/22/2003,4/16/2004,4/27/2005,4/29/2006,4/26/2007,,,,,,,,,,,,,,,-,,"八戸市, 青森県, 日本",40.5122388,141.4882959
"Akita, Japan",True,4/22/1953,4/17/1954,4/16/1955,4/21/1956,4/24/1957,4/22/1958,4/9/1959,4/21/1960,4/19/1961,4/20/1962,4/17/1963,4/18/1964,4/30/1965,4/21/1966,4/22/1967,4/17/1968,4/25/1969,4/27/1970,4/22/1971,4/17/1972,4/19/1973,4/26/1974,4/21/1975,4/23/1976,4/22/1977,4/26/1978,4/18/1979,4/23/1980,4/22/1981,4/20/1982,4/15/1983,4/30/1984,4/19/1985,4/20/1986,4/17/1987,4/23/1988,4/10/1989,4/10/1990,4/16/1991,4/17/1992,4/19/1993,4/19/1994,4/18/1995,4/25/1996,4/17/1997,4/13/1998,4/17/1999,4/20/2000,4/12/2001,4/7/2002,4/16/2003,4/12/2004,4/24/2005,4/21/2006,4/18/2007,4/10/2008,4/14/2009,4/24/2010,4/23/2011,4/24/2012,4/23/2013,4/20/2014,4/11/2015,4/14/2016,4/16/2017,4/17/2018,4/16/2019,4/8/2020,4/4/2021,4 18,,"秋田県, 日本",39.6898802,140.342608
"Morioka, Japan",True,4/27/1953,4/19/1954,4/18/1955,4/24/1956,4/27/1957,4/24/1958,4/18/1959,4/27/1960,4/22/1961,4/22/1962,4/18/1963,4/18/1964,5/4/1965,4/23/1966,4/26/1967,4/17/1968,4/26/1969,4/28/1970,4/23/1971,4/21/1972,4/20/1973,4/28/1974,4/24/1975,4/26/1976,4/26/1977,4/29/1978,4/24/1979,4/28/1980,4/24/1981,4/23/1982,4/18/1983,5/6/1984,4/25/1985,4/29/1986,4/23/1987,4/27/1988,4/14/1989,4/13/1990,4/17/1991,4/21/1992,4/23/1993,4/21/1994,4/24/1995,4/28/1996,4/23/1997,4/12/1998,4/20/1999,4/22/2000,4/15/2001,4/11/2002,4/16/2003,4/13/2004,4/23/2005,4/24/2006,4/20/2007,4/12/2008,4/13/2009,4/25/2010,4/20/2011,4/24/2012,4/23/2013,4/13/2014,4/9/2015,4/11/2016,4/17/2017,4/17/2018,4/18/2019,4/14/2020,4/9/2021,4 21,,"盛岡市, 岩手県, 日本",39.7021331,141.1545397
"Miyako, Japan",False,4/22/1953,4/16/1954,4/12/1955,4/18/1956,4/20/1957,4/19/1958,4/14/1959,4/20/1960,4/18/1961,4/18/1962,4/15/1963,4/20/1964,4/30/1965,4/17/1966,4/20/1967,4/16/1968,4/20/1969,4/25/1970,4/19/1971,4/19/1972,4/16/1973,4/25/1974,4/20/1975,4/21/1976,4/23/1977,4/26/1978,4/19/1979,4/22/1980,4/23/1981,4/17/1982,4/16/1983,5/7/1984,4/21/1985,4/22/1986,4/18/1987,4/20/1988,4/13/1989,4/11/1990,4/17/1991,4/21/1992,4/20/1993,4/17/1994,4/22/1995,4/25/1996,4/22/1997,4/14/1998,4/17/1999,4/23/2000,4/15/2001,4/8/2002,4/17/2003,4/10/2004,4/18/2005,4/23/2006,4/21/2007,,,,,,,,,,,,,,,-,,"宮古市, 岩手県, 日本",39.6395835,141.9461177
"Sakata, Japan",False,4/15/1953,4/11/1954,4/10/1955,4/17/1956,4/17/1957,4/13/1958,4/7/1959,4/14/1960,4/16/1961,4/16/1962,4/15/1963,4/15/1964,4/25/1965,4/15/1966,4/16/1967,4/13/1968,4/20/1969,4/24/1970,4/18/1971,4/13/1972,4/17/1973,4/22/1974,4/17/1975,4/19/1976,4/16/1977,4/21/1978,4/11/1979,4/19/1980,4/17/1981,4/14/1982,4/14/1983,4/27/1984,4/15/1985,4/20/1986,4/15/1987,4/20/1988,4/6/1989,4/7/1990,4/13/1991,4/10/1992,4/16/1993,4/15/1994,4/15/1995,4/23/1996,4/13/1997,4/10/1998,4/13/1999,4/18/2000,4/11/2001,4/4/2002,4/12/2003,4/9/2004,4/19/2005,4/16/2006,4/12/2007,4/9/2008,4/11/2009,,,,,,,,,,,,,-,,"酒田市, 国道112号, 本町二丁目, 酒田市, 山形県, 998-0043, 日本",38.9147229,139.8364101
"Yamagata, Japan",True,4/19/1953,4/13/1954,4/12/1955,4/18/1956,4/20/1957,4/17/1958,4/9/1959,4/17/1960,4/17/1961,4/16/1962,4/15/1963,4/14/1964,4/26/1965,4/15/1966,4/18/1967,4/14/1968,4/20/1969,4/24/1970,4/16/1971,4/12/1972,4/16/1973,4/24/1974,4/17/1975,4/18/1976,4/15/1977,4/23/1978,4/12/1979,4/21/1980,4/21/1981,4/16/1982,4/14/1983,4/29/1984,4/19/1985,4/20/1986,4/15/1987,4/20/1988,4/7/1989,4/9/1990,4/12/1991,4/12/1992,4/16/1993,4/15/1994,4/17/1995,4/24/1996,4/13/1997,4/11/1998,4/14/1999,4/19/2000,4/12/2001,4/3/2002,4/14/2003,4/10/2004,4/19/2005,4/18/2006,4/13/2007,4/12/2008,4/11/2009,4/19/2010,4/18/2011,4/23/2012,4/15/2013,4/14/2014,4/10/2015,4/6/2016,4/14/2017,4/4/2018,4/12/2019,4/3/2020,4/2/2021,4 15,,"山形市, 山形県, 日本",38.2553393,140.3400205
"Sendai, Japan",True,4/11/1953,4/6/1954,4/11/1955,4/16/1956,4/16/1957,4/10/1958,4/4/1959,4/12/1960,4/11/1961,4/14/1962,4/12/1963,4/11/1964,4/20/1965,4/11/1966,4/11/1967,4/10/1968,4/14/1969,4/21/1970,4/14/1971,4/8/1972,4/11/1973,4/19/1974,4/14/1975,4/14/1976,4/14/1977,4/21/1978,4/9/1979,4/14/1980,4/13/1981,4/11/1982,4/13/1983,4/28/1984,4/17/1985,4/19/1986,4/10/1987,4/17/1988,4/3/1989,4/3/1990,4/11/1991,4/6/1992,4/9/1993,4/11/1994,4/11/1995,4/17/1996,4/8/1997,4/8/1998,4/8/1999,4/13/2000,4/10/2001,3/29/2002,4/9/2003,4/7/2004,4/14/2005,4/13/2006,4/6/2007,4/5/2008,4/7/2009,4/13/2010,4/12/2011,4/18/2012,4/9/2013,4/7/2014,4/3/2015,4/1/2016,4/7/2017,3/30/2018,4/5/2019,3/28/2020,3/28/2021,4 11,,"仙台市, 宮城県, 日本",38.2677554,140.8691498
"Fukushima, Japan",True,4/9/1953,4/5/1954,4/9/1955,4/14/1956,4/15/1957,4/7/1958,4/3/1959,4/8/1960,4/11/1961,4/9/1962,4/7/1963,4/11/1964,4/18/1965,4/6/1966,4/10/1967,4/6/1968,4/13/1969,4/19/1970,4/9/1971,4/6/1972,4/9/1973,4/17/1974,4/11/1975,4/13/1976,4/12/1977,4/17/1978,4/8/1979,4/13/1980,4/12/1981,4/8/1982,4/10/1983,4/25/1984,4/14/1985,4/17/1986,4/6/1987,4/16/1988,4/1/1989,4/3/1990,4/9/1991,4/5/1992,4/12/1993,4/8/1994,4/9/1995,4/15/1996,4/8/1997,4/7/1998,4/5/1999,4/13/2000,4/8/2001,3/29/2002,4/8/2003,4/3/2004,4/11/2005,4/12/2006,4/2/2007,4/6/2008,4/6/2009,4/9/2010,4/12/2011,4/16/2012,4/5/2013,4/8/2014,4/2/2015,3/30/2016,4/8/2017,3/29/2018,4/5/2019,3/28/2020,3/25/2021,4  9,,"福島, 東西自由通路, 栄町, 福島市, 福島県, 960-8031, 日本",37.75454,140.4592144
"Shirakawa, Japan",False,4/16/1953,4/6/1954,4/11/1955,4/16/1956,4/16/1957,4/10/1958,4/8/1959,4/11/1960,4/13/1961,4/14/1962,4/14/1963,4/13/1964,4/25/1965,4/13/1966,4/12/1967,4/14/1968,4/15/1969,4/23/1970,4/15/1971,4/14/1972,4/12/1973,4/19/1974,4/15/1975,4/15/1976,4/14/1977,4/22/1978,4/8/1979,4/20/1980,4/16/1981,4/14/1982,4/14/1983,4/28/1984,4/17/1985,4/22/1986,4/10/1987,4/20/1988,4/9/1989,4/8/1990,4/12/1991,4/10/1992,4/16/1993,4/14/1994,4/18/1995,4/24/1996,4/10/1997,,,,,,,,,,,,,,,,,,,,,,,,,-,,"白河市, 福島県, 日本",37.1263397,140.2107192
"Onahama, Japan",False,4/6/1953,4/1/1954,4/3/1955,4/12/1956,4/11/1957,4/7/1958,3/30/1959,4/5/1960,4/8/1961,4/9/1962,4/13/1963,4/10/1964,4/15/1965,4/1/1966,4/3/1967,4/7/1968,4/12/1969,4/16/1970,4/9/1971,4/3/1972,4/8/1973,4/14/1974,4/10/1975,4/5/1976,4/10/1977,4/16/1978,3/31/1979,4/14/1980,4/11/1981,4/6/1982,4/11/1983,4/25/1984,4/11/1985,4/17/1986,4/5/1987,4/13/1988,3/30/1989,3/30/1990,4/9/1991,4/2/1992,4/8/1993,4/7/1994,4/6/1995,4/8/1996,4/1/1997,4/7/1998,4/2/1999,4/8/2000,4/5/2001,3/25/2002,4/8/2003,4/1/2004,4/10/2005,4/3/2006,3/29/2007,3/30/2008,,,,,,,,,,,,,,-,,"小名浜マリンブリッジ, いわき市, 福島県, 9718164, 日本",36.9383759,140.8977807
"Wajima, Japan",False,4/8/1953,4/5/1954,4/7/1955,4/13/1956,4/15/1957,4/7/1958,4/1/1959,4/6/1960,4/4/1961,4/10/1962,4/11/1963,4/12/1964,4/18/1965,4/9/1966,4/8/1967,4/10/1968,4/13/1969,4/18/1970,4/12/1971,4/9/1972,4/10/1973,4/15/1974,4/12/1975,4/14/1976,4/10/1977,4/16/1978,4/7/1979,4/12/1980,4/10/1981,4/7/1982,4/11/1983,4/24/1984,4/13/1985,4/14/1986,4/7/1987,4/15/1988,4/1/1989,4/2/1990,4/11/1991,4/5/1992,4/8/1993,4/12/1994,4/10/1995,4/17/1996,4/7/1997,4/6/1998,4/8/1999,4/13/2000,4/7/2001,3/29/2002,4/8/2003,4/1/2004,4/10/2005,4/12/2006,4/8/2007,4/6/2008,4/6/2009,4/9/2010,,,,,,,,,,,,-,,"輪島市, 石川県, 日本",37.3905644,136.8994281
"Aikawa, Japan",False,4/11/1953,4/6/1954,4/8/1955,4/14/1956,4/16/1957,4/8/1958,4/3/1959,4/6/1960,4/11/1961,4/9/1962,4/12/1963,4/14/1964,4/19/1965,4/12/1966,4/10/1967,4/10/1968,4/14/1969,4/21/1970,4/14/1971,4/12/1972,4/11/1973,4/17/1974,4/14/1975,4/14/1976,4/13/1977,4/17/1978,4/7/1979,4/14/1980,4/12/1981,4/12/1982,4/12/1983,4/27/1984,4/13/1985,4/19/1986,4/10/1987,4/20/1988,4/7/1989,4/4/1990,4/13/1991,4/8/1992,4/14/1993,4/13/1994,4/14/1995,4/19/1996,4/11/1997,4/8/1998,4/11/1999,4/13/2000,4/10/2001,4/2/2002,4/10/2003,4/5/2004,4/16/2005,4/12/2006,4/9/2007,,,,,,,,,,,,,,,-,,"愛川町, 愛甲郡, 神奈川県, 日本",35.532347,139.297795
"Niigata, Japan",True,4/13/1953,4/8/1954,4/9/1955,4/15/1956,4/18/1957,4/13/1958,4/5/1959,4/11/1960,4/12/1961,4/11/1962,4/12/1963,4/11/1964,4/19/1965,4/10/1966,4/11/1967,4/12/1968,4/16/1969,4/20/1970,4/13/1971,4/8/1972,4/10/1973,4/18/1974,4/13/1975,4/14/1976,4/14/1977,4/17/1978,4/8/1979,4/16/1980,4/13/1981,4/9/1982,4/12/1983,4/26/1984,4/10/1985,4/17/1986,4/8/1987,4/16/1988,4/1/1989,4/1/1990,4/11/1991,4/5/1992,4/9/1993,4/11/1994,4/9/1995,4/16/1996,4/7/1997,4/6/1998,4/6/1999,4/12/2000,4/8/2001,3/30/2002,4/6/2003,4/2/2004,4/14/2005,4/11/2006,4/6/2007,4/5/2008,4/7/2009,4/11/2010,4/14/2011,4/16/2012,4/7/2013,4/7/2014,4/2/2015,4/3/2016,4/8/2017,4/3/2018,4/5/2019,4/1/2020,3/29/2021,4  9,,"新潟県, 日本",37.6452283,138.7669125
"Kanazawa, Japan",True,4/2/1953,4/1/1954,4/1/1955,4/10/1956,4/8/1957,4/1/1958,3/27/1959,3/29/1960,4/6/1961,4/7/1962,4/10/1963,4/6/1964,4/13/1965,4/4/1966,4/5/1967,4/7/1968,4/10/1969,4/16/1970,4/9/1971,4/4/1972,4/6/1973,4/10/1974,4/8/1975,4/4/1976,4/6/1977,4/11/1978,3/30/1979,4/6/1980,4/8/1981,4/2/1982,4/8/1983,4/17/1984,4/7/1985,4/10/1986,3/30/1987,4/12/1988,3/26/1989,3/28/1990,4/7/1991,4/2/1992,4/2/1993,4/11/1994,4/8/1995,4/11/1996,4/2/1997,3/31/1998,4/1/1999,4/7/2000,4/2/2001,3/26/2002,4/3/2003,3/28/2004,4/7/2005,4/6/2006,3/29/2007,4/2/2008,4/3/2009,4/1/2010,4/7/2011,4/10/2012,3/30/2013,4/1/2014,3/31/2015,3/30/2016,4/4/2017,3/29/2018,4/1/2019,3/26/2020,3/23/2021,4  4,,"金沢, 昭和大通り, 木ノ新保町, 金沢市, 石川県, 920-0858, 日本",36.5780499,136.6480247
"Toyama, Japan",True,4/8/1953,4/4/1954,4/6/1955,4/13/1956,4/16/1957,4/5/1958,3/31/1959,4/5/1960,4/8/1961,4/7/1962,4/11/1963,4/11/1964,4/16/1965,4/7/1966,4/6/1967,4/8/1968,4/13/1969,4/17/1970,4/10/1971,4/6/1972,4/8/1973,4/13/1974,4/10/1975,4/8/1976,4/11/1977,4/15/1978,4/3/1979,4/9/1980,4/10/1981,4/2/1982,4/9/1983,4/20/1984,4/10/1985,4/11/1986,4/5/1987,4/14/1988,3/29/1989,4/1/1990,4/10/1991,4/4/1992,4/11/1993,4/11/1994,4/7/1995,4/10/1996,4/1/1997,3/30/1998,4/1/1999,4/10/2000,4/5/2001,3/26/2002,4/4/2003,3/29/2004,4/8/2005,4/7/2006,3/30/2007,4/2/2008,3/30/2009,4/2/2010,4/8/2011,4/12/2012,3/29/2013,4/2/2014,4/1/2015,3/29/2016,4/5/2017,3/27/2018,3/28/2019,3/27/2020,3/24/2021,4  5,,"富山市, 富山県, 日本",36.6957569,137.2136215
"Nagano, Japan",True,4/17/1953,4/7/1954,4/10/1955,4/14/1956,4/17/1957,4/9/1958,4/5/1959,4/13/1960,4/14/1961,4/15/1962,4/15/1963,4/13/1964,4/24/1965,4/14/1966,4/13/1967,4/14/1968,4/16/1969,4/24/1970,4/14/1971,4/7/1972,4/12/1973,4/17/1974,4/15/1975,4/15/1976,4/15/1977,4/20/1978,4/8/1979,4/18/1980,4/17/1981,4/13/1982,4/13/1983,4/26/1984,4/13/1985,4/20/1986,4/9/1987,4/20/1988,4/6/1989,4/7/1990,4/12/1991,4/9/1992,4/18/1993,4/15/1994,4/17/1995,4/23/1996,4/11/1997,4/10/1998,4/10/1999,4/18/2000,4/10/2001,4/2/2002,4/15/2003,4/6/2004,4/14/2005,4/15/2006,4/7/2007,4/10/2008,4/8/2009,4/9/2010,4/15/2011,4/18/2012,4/6/2013,4/11/2014,4/4/2015,4/3/2016,4/14/2017,4/2/2018,4/13/2019,4/2/2020,3/29/2021,4 13,,"長野県, 日本",36.1143945,138.0319015
"Takada, Japan",False,4/10/1953,4/4/1954,4/3/1955,4/13/1956,4/16/1957,4/6/1958,4/3/1959,4/5/1960,4/10/1961,4/8/1962,4/7/1963,4/7/1964,4/16/1965,4/10/1966,4/7/1967,4/12/1968,4/13/1969,4/21/1970,4/10/1971,4/5/1972,4/9/1973,4/14/1974,4/10/1975,4/13/1976,4/12/1977,4/15/1978,3/31/1979,4/13/1980,4/14/1981,4/6/1982,4/10/1983,4/25/1984,4/12/1985,4/16/1986,4/6/1987,4/14/1988,3/31/1989,4/1/1990,4/10/1991,4/5/1992,4/11/1993,4/10/1994,4/8/1995,4/15/1996,4/6/1997,4/4/1998,4/5/1999,4/10/2000,4/7/2001,3/30/2002,4/7/2003,3/30/2004,4/10/2005,4/12/2006,4/2/2007,,,,,,,,,,,,,,,-,,"高田, 大和高田斑鳩線, 高砂町, 大和高田市, 高市郡, 奈良県, 635-0015, 日本",34.516288,135.7448226
"Utsunomiya, Japan",True,4/6/1953,4/2/1954,4/3/1955,4/10/1956,4/9/1957,4/6/1958,3/31/1959,4/1/1960,4/5/1961,4/7/1962,4/6/1963,4/6/1964,4/11/1965,3/30/1966,4/4/1967,4/4/1968,4/8/1969,4/13/1970,4/5/1971,3/31/1972,4/3/1973,4/8/1974,4/7/1975,4/1/1976,4/1/1977,4/10/1978,3/29/1979,4/7/1980,4/6/1981,4/1/1982,4/7/1983,4/18/1984,4/6/1985,4/11/1986,3/31/1987,4/7/1988,3/27/1989,3/25/1990,4/4/1991,3/30/1992,4/2/1993,4/4/1994,4/4/1995,4/6/1996,3/30/1997,3/30/1998,3/26/1999,4/5/2000,3/28/2001,3/18/2002,3/31/2003,3/27/2004,4/6/2005,3/29/2006,3/26/2007,3/28/2008,3/26/2009,4/2/2010,4/6/2011,4/8/2012,3/21/2013,3/29/2014,3/30/2015,3/28/2016,4/3/2017,3/26/2018,3/28/2019,3/21/2020,3/20/2021,4  1,,"宇都宮市, 栃木県, 日本",36.5549677,139.8828776
"Fukui, Japan",True,4/7/1953,4/2/1954,4/1/1955,4/9/1956,4/11/1957,4/3/1958,3/30/1959,4/1/1960,4/5/1961,4/8/1962,4/9/1963,4/6/1964,4/16/1965,4/3/1966,4/3/1967,4/6/1968,4/9/1969,4/14/1970,4/8/1971,4/4/1972,4/5/1973,4/7/1974,4/7/1975,4/2/1976,4/10/1977,4/12/1978,3/31/1979,4/8/1980,4/9/1981,4/1/1982,4/7/1983,4/17/1984,4/8/1985,4/10/1986,4/4/1987,4/12/1988,3/28/1989,3/27/1990,4/6/1991,4/1/1992,4/4/1993,4/7/1994,4/5/1995,4/7/1996,3/30/1997,3/29/1998,3/26/1999,4/8/2000,4/2/2001,3/26/2002,4/2/2003,3/29/2004,4/7/2005,4/5/2006,3/29/2007,4/2/2008,3/26/2009,4/2/2010,4/7/2011,4/10/2012,3/28/2013,3/31/2014,3/31/2015,3/27/2016,4/5/2017,3/29/2018,3/28/2019,3/25/2020,3/22/2021,4  3,,"福井県, 日本",35.9263502,136.6068127
"Takayama, Japan",False,4/21/1953,4/6/1954,4/10/1955,4/19/1956,4/21/1957,4/14/1958,4/8/1959,4/12/1960,4/15/1961,4/16/1962,4/17/1963,4/12/1964,4/25/1965,4/16/1966,4/13/1967,4/16/1968,4/15/1969,4/24/1970,4/14/1971,4/10/1972,4/12/1973,4/20/1974,4/18/1975,4/15/1976,4/15/1977,4/24/1978,4/9/1979,4/19/1980,4/23/1981,4/17/1982,4/14/1983,4/28/1984,4/15/1985,4/21/1986,4/15/1987,4/22/1988,4/9/1989,4/9/1990,4/15/1991,4/10/1992,4/21/1993,4/18/1994,4/18/1995,4/25/1996,4/14/1997,4/10/1998,4/13/1999,4/21/2000,4/12/2001,4/5/2002,4/17/2003,4/10/2004,4/17/2005,,,,,,,,,,,,,,,,,-,,"高山市, 岐阜県, 日本",36.1396246,137.2510322
"Matsumoto, Japan",False,4/11/1953,4/7/1954,4/8/1955,4/15/1956,4/17/1957,4/8/1958,4/5/1959,4/8/1960,4/14/1961,4/14/1962,4/15/1963,4/13/1964,4/25/1965,4/14/1966,4/12/1967,4/14/1968,4/14/1969,4/21/1970,4/14/1971,4/8/1972,4/13/1973,4/17/1974,4/15/1975,4/14/1976,4/13/1977,4/18/1978,4/6/1979,4/14/1980,4/14/1981,4/10/1982,4/12/1983,4/24/1984,4/14/1985,4/18/1986,4/8/1987,4/19/1988,4/4/1989,4/4/1990,4/10/1991,4/6/1992,4/14/1993,4/14/1994,4/14/1995,4/19/1996,4/5/1997,4/8/1998,4/5/1999,4/13/2000,4/8/2001,3/30/2002,4/13/2003,4/2/2004,4/9/2005,4/12/2006,4/1/2007,,,,,,,,,,,,,,,-,,"松本市, 長野県, 日本",36.2382047,137.9687141
"Maebashi, Japan",True,4/3/1953,3/29/1954,3/29/1955,4/6/1956,4/6/1957,4/1/1958,3/24/1959,3/27/1960,4/2/1961,4/2/1962,4/2/1963,4/5/1964,4/8/1965,3/25/1966,3/31/1967,4/2/1968,4/7/1969,4/11/1970,4/1/1971,3/30/1972,4/3/1973,4/6/1974,4/4/1975,3/29/1976,3/28/1977,4/10/1978,3/28/1979,4/5/1980,3/30/1981,3/27/1982,4/5/1983,4/15/1984,4/5/1985,4/8/1986,3/26/1987,4/5/1988,3/26/1989,3/24/1990,3/31/1991,3/26/1992,3/27/1993,4/2/1994,4/5/1995,4/4/1996,3/28/1997,3/29/1998,3/26/1999,4/4/2000,3/26/2001,3/20/2002,3/31/2003,3/26/2004,4/6/2005,3/28/2006,3/28/2007,3/26/2008,3/30/2009,4/1/2010,4/3/2011,4/8/2012,3/22/2013,3/29/2014,3/28/2015,3/23/2016,4/2/2017,3/25/2018,3/27/2019,3/19/2020,3/21/2021,3 31,,"前橋市, 群馬県, 日本",36.3893418,139.0632826
"Kumagaya, Japan",True,4/1/1953,3/30/1954,3/30/1955,4/4/1956,4/7/1957,4/1/1958,3/26/1959,3/28/1960,4/3/1961,4/2/1962,4/4/1963,4/4/1964,4/6/1965,3/27/1966,4/1/1967,4/2/1968,4/5/1969,4/10/1970,4/2/1971,3/28/1972,4/1/1973,4/6/1974,4/1/1975,3/30/1976,3/28/1977,4/8/1978,3/27/1979,4/5/1980,3/30/1981,3/28/1982,4/4/1983,4/14/1984,4/4/1985,4/6/1986,3/25/1987,4/4/1988,3/26/1989,3/22/1990,3/29/1991,3/22/1992,3/25/1993,4/1/1994,4/2/1995,4/1/1996,3/26/1997,3/28/1998,3/27/1999,3/31/2000,3/25/2001,3/17/2002,3/28/2003,3/23/2004,4/4/2005,3/27/2006,3/23/2007,3/25/2008,3/25/2009,3/31/2010,4/1/2011,4/4/2012,3/19/2013,3/28/2014,3/27/2015,3/23/2016,3/28/2017,3/22/2018,3/25/2019,3/18/2020,3/19/2021,3 29,,"熊谷市, 埼玉県, 360-0013, 日本",36.1472472,139.3886141
"Mito, Japan",True,4/4/1953,4/1/1954,3/29/1955,4/9/1956,4/8/1957,4/4/1958,3/30/1959,4/4/1960,4/6/1961,4/9/1962,4/6/1963,4/6/1964,4/12/1965,4/1/1966,4/2/1967,4/4/1968,4/8/1969,4/13/1970,4/5/1971,3/31/1972,4/5/1973,4/10/1974,4/9/1975,4/5/1976,4/5/1977,4/11/1978,3/29/1979,4/9/1980,4/8/1981,4/1/1982,4/7/1983,4/20/1984,4/7/1985,4/10/1986,3/28/1987,4/6/1988,3/27/1989,3/25/1990,4/5/1991,3/31/1992,4/2/1993,4/5/1994,4/5/1995,4/7/1996,3/29/1997,3/31/1998,3/29/1999,4/3/2000,3/30/2001,3/20/2002,4/1/2003,3/27/2004,4/6/2005,3/30/2006,3/24/2007,3/27/2008,3/27/2009,4/2/2010,4/6/2011,4/6/2012,3/21/2013,3/29/2014,3/30/2015,3/28/2016,4/3/2017,3/25/2018,3/27/2019,3/21/2020,3/20/2021,4  2,,"水戸市, 茨城県, 日本",36.3657792,140.4713933
"Tsuruga, Japan",False,4/3/1953,3/30/1954,3/28/1955,4/4/1956,4/11/1957,4/5/1958,3/28/1959,3/30/1960,4/6/1961,4/5/1962,4/6/1963,4/5/1964,4/15/1965,3/29/1966,4/2/1967,4/7/1968,4/10/1969,4/13/1970,4/6/1971,4/4/1972,4/7/1973,4/7/1974,4/8/1975,3/30/1976,4/6/1977,4/10/1978,3/30/1979,4/6/1980,4/8/1981,3/30/1982,4/7/1983,4/17/1984,4/7/1985,4/9/1986,4/2/1987,4/12/1988,3/24/1989,3/25/1990,4/4/1991,3/29/1992,4/2/1993,4/5/1994,4/4/1995,4/6/1996,3/29/1997,3/29/1998,3/26/1999,4/7/2000,4/1/2001,3/24/2002,3/30/2003,3/28/2004,4/6/2005,,,,,,,,,,,,,,,,,-,,"敦賀市, 福井県, 日本",35.6445135,136.0734634
"Gifu, Japan",True,4/3/1953,3/29/1954,3/27/1955,3/31/1956,4/8/1957,3/28/1958,3/22/1959,3/23/1960,4/2/1961,4/6/1962,4/4/1963,4/4/1964,4/9/1965,3/27/1966,3/30/1967,4/4/1968,4/3/1969,4/9/1970,3/31/1971,3/28/1972,3/31/1973,4/4/1974,4/1/1975,3/26/1976,3/28/1977,4/6/1978,3/29/1979,4/1/1980,3/30/1981,3/23/1982,4/2/1983,4/12/1984,3/29/1985,4/1/1986,3/26/1987,4/3/1988,3/16/1989,3/17/1990,3/28/1991,3/24/1992,3/27/1993,3/31/1994,3/27/1995,3/30/1996,3/22/1997,3/22/1998,3/23/1999,4/3/2000,3/25/2001,3/17/2002,3/24/2003,3/24/2004,4/2/2005,3/26/2006,3/23/2007,3/23/2008,3/18/2009,3/20/2010,3/28/2011,3/30/2012,3/21/2013,3/24/2014,3/23/2015,3/20/2016,3/28/2017,3/19/2018,3/22/2019,3/21/2020,3/16/2021,3 26,,"岐阜県, 日本",35.7867449,137.0460777
"Nagoya, Japan",True,4/3/1953,3/30/1954,3/29/1955,3/29/1956,4/8/1957,3/25/1958,3/23/1959,3/22/1960,3/31/1961,4/3/1962,4/2/1963,4/2/1964,4/8/1965,3/24/1966,3/29/1967,4/2/1968,4/1/1969,4/7/1970,3/31/1971,3/27/1972,3/30/1973,4/3/1974,3/31/1975,3/25/1976,3/26/1977,4/5/1978,3/27/1979,3/30/1980,3/28/1981,3/23/1982,3/31/1983,4/11/1984,3/28/1985,4/1/1986,3/25/1987,4/3/1988,3/17/1989,3/17/1990,3/28/1991,3/21/1992,3/26/1993,3/31/1994,3/27/1995,3/29/1996,3/23/1997,3/22/1998,3/24/1999,4/3/2000,3/26/2001,3/19/2002,3/24/2003,3/23/2004,3/31/2005,3/26/2006,3/23/2007,3/22/2008,3/19/2009,3/18/2010,3/27/2011,3/30/2012,3/19/2013,3/24/2014,3/21/2015,3/19/2016,3/28/2017,3/19/2018,3/22/2019,3/22/2020,3/17/2021,3 26,,"名古屋市, 愛知県, 451-0031, 日本",35.1851045,136.8998438
"Iida, Japan",False,4/7/1953,4/3/1954,4/4/1955,4/6/1956,4/12/1957,4/5/1958,3/27/1959,3/30/1960,4/6/1961,4/11/1962,4/7/1963,4/9/1964,4/16/1965,4/5/1966,4/8/1967,4/9/1968,4/6/1969,4/16/1970,4/5/1971,4/4/1972,4/6/1973,4/10/1974,4/9/1975,4/1/1976,4/5/1977,4/14/1978,4/1/1979,4/8/1980,4/8/1981,4/1/1982,4/9/1983,4/19/1984,4/6/1985,4/12/1986,4/5/1987,4/14/1988,3/29/1989,3/28/1990,4/5/1991,3/30/1992,4/3/1993,4/6/1994,4/6/1995,4/8/1996,3/30/1997,3/30/1998,3/29/1999,4/10/2000,4/6/2001,3/27/2002,4/6/2003,4/2/2004,4/9/2005,4/7/2006,,,,,,,,,,,,,,,,-,,"飯田市, 長野県, 日本",35.5147101,137.8219519
"Kofu, Japan",True,3/30/1953,3/31/1954,3/29/1955,3/29/1956,4/7/1957,4/1/1958,3/24/1959,3/25/1960,4/2/1961,4/2/1962,4/2/1963,4/3/1964,4/7/1965,3/26/1966,4/1/1967,4/3/1968,4/3/1969,4/9/1970,3/30/1971,3/29/1972,4/1/1973,4/2/1974,4/2/1975,3/26/1976,3/25/1977,4/7/1978,3/27/1979,4/1/1980,3/29/1981,3/27/1982,4/4/1983,4/12/1984,3/30/1985,4/4/1986,3/26/1987,4/4/1988,3/25/1989,3/20/1990,3/29/1991,3/24/1992,3/26/1993,4/1/1994,3/31/1995,3/31/1996,3/22/1997,3/26/1998,3/18/1999,3/31/2000,3/25/2001,3/17/2002,3/27/2003,3/24/2004,3/31/2005,3/24/2006,3/21/2007,3/24/2008,3/20/2009,3/20/2010,3/29/2011,4/1/2012,3/19/2013,3/28/2014,3/25/2015,3/23/2016,3/30/2017,3/23/2018,3/27/2019,3/22/2020,3/18/2021,3 27,,"甲府市, 山梨県, 日本",35.6652481,138.5710441
"Choshi, Japan",True,3/25/1953,3/26/1954,3/25/1955,3/29/1956,4/5/1957,4/1/1958,3/23/1959,3/26/1960,4/1/1961,4/1/1962,4/4/1963,4/3/1964,4/13/1965,3/23/1966,4/1/1967,3/31/1968,4/4/1969,4/10/1970,4/2/1971,3/29/1972,4/1/1973,4/2/1974,4/3/1975,3/26/1976,3/26/1977,4/8/1978,3/26/1979,4/5/1980,4/2/1981,3/26/1982,4/5/1983,4/16/1984,4/3/1985,4/8/1986,3/25/1987,4/3/1988,3/20/1989,3/21/1990,4/1/1991,3/28/1992,4/4/1993,4/4/1994,4/2/1995,3/31/1996,3/30/1997,4/3/1998,3/25/1999,4/4/2000,3/26/2001,3/19/2002,3/28/2003,3/30/2004,4/7/2005,3/25/2006,3/30/2007,3/25/2008,4/1/2009,4/1/2010,4/4/2011,4/2/2012,3/21/2013,3/29/2014,3/30/2015,4/1/2016,4/1/2017,3/20/2018,3/25/2019,3/27/2020,3/22/2021,3 31,,"銚子市, 千葉県, 日本",35.7345338,140.8272667
"Tsu, Japan",True,4/1/1953,3/30/1954,3/31/1955,4/3/1956,4/8/1957,4/6/1958,3/23/1959,3/28/1960,4/3/1961,4/6/1962,4/6/1963,4/5/1964,4/12/1965,3/26/1966,3/30/1967,4/4/1968,4/8/1969,4/12/1970,4/3/1971,4/2/1972,4/1/1973,4/6/1974,4/4/1975,3/31/1976,3/31/1977,4/9/1978,3/30/1979,4/3/1980,3/28/1981,3/24/1982,4/3/1983,4/12/1984,3/30/1985,4/3/1986,3/25/1987,4/5/1988,3/25/1989,3/22/1990,4/1/1991,3/28/1992,4/2/1993,4/3/1994,4/3/1995,4/5/1996,3/28/1997,3/27/1998,3/27/1999,4/5/2000,3/28/2001,3/21/2002,3/28/2003,3/28/2004,4/3/2005,3/31/2006,3/26/2007,3/27/2008,3/23/2009,3/24/2010,4/1/2011,4/4/2012,3/25/2013,3/27/2014,3/29/2015,3/28/2016,4/3/2017,3/26/2018,3/28/2019,3/25/2020,3/20/2021,3 30,,"津市, 三重県, 日本",34.7341973,136.5153283
"Hamamatsu, Japan",False,4/1/1953,3/28/1954,3/27/1955,4/5/1956,4/7/1957,4/2/1958,3/28/1959,3/29/1960,4/1/1961,4/6/1962,3/31/1963,4/2/1964,4/7/1965,3/22/1966,3/28/1967,3/31/1968,4/1/1969,4/3/1970,3/28/1971,3/27/1972,3/30/1973,3/29/1974,3/30/1975,3/20/1976,3/22/1977,4/3/1978,3/25/1979,3/31/1980,3/26/1981,3/23/1982,4/1/1983,4/6/1984,3/27/1985,3/30/1986,3/25/1987,4/3/1988,3/21/1989,3/17/1990,3/30/1991,3/26/1992,3/31/1993,4/3/1994,3/31/1995,3/28/1996,3/26/1997,3/24/1998,3/24/1999,4/3/2000,3/26/2001,3/19/2002,3/24/2003,3/27/2004,4/2/2005,,,,,,,,,,,,,,,,,-,,"浜松市, 静岡県, 日本",34.7109786,137.7259431
"Shizuoka, Japan",True,3/25/1953,3/27/1954,3/26/1955,3/28/1956,4/1/1957,3/25/1958,3/20/1959,3/24/1960,3/31/1961,4/2/1962,3/30/1963,4/1/1964,4/1/1965,3/19/1966,3/28/1967,3/29/1968,3/29/1969,4/2/1970,3/29/1971,3/27/1972,3/29/1973,3/29/1974,3/30/1975,3/23/1976,3/22/1977,4/6/1978,3/29/1979,3/31/1980,3/26/1981,3/23/1982,4/3/1983,4/6/1984,3/28/1985,3/30/1986,3/26/1987,4/3/1988,3/21/1989,3/20/1990,3/31/1991,3/24/1992,3/30/1993,4/2/1994,4/1/1995,3/26/1996,3/22/1997,3/21/1998,3/21/1999,3/30/2000,3/23/2001,3/15/2002,3/21/2003,3/18/2004,3/29/2005,3/17/2006,3/24/2007,3/22/2008,3/19/2009,3/17/2010,3/20/2011,3/24/2012,3/17/2013,3/24/2014,3/22/2015,3/27/2016,4/2/2017,3/18/2018,3/28/2019,3/27/2020,3/20/2021,3 25,,"静岡市, 静岡県, 420-8602, 日本",34.979149,138.38299
"Tokyo, Japan",True,3/26/1953,3/26/1954,3/24/1955,3/26/1956,4/2/1957,3/30/1958,3/24/1959,3/23/1960,4/1/1961,4/1/1962,4/1/1963,4/2/1964,4/2/1965,3/20/1966,3/30/1967,3/29/1968,4/6/1969,4/7/1970,3/30/1971,3/28/1972,3/31/1973,4/2/1974,3/29/1975,3/22/1976,3/22/1977,3/31/1978,3/23/1979,3/31/1980,3/26/1981,3/23/1982,3/31/1983,4/11/1984,4/3/1985,4/3/1986,3/23/1987,4/2/1988,3/20/1989,3/20/1990,3/30/1991,3/24/1992,3/24/1993,3/31/1994,3/31/1995,3/31/1996,3/21/1997,3/27/1998,3/24/1999,3/30/2000,3/23/2001,3/16/2002,3/27/2003,3/18/2004,3/31/2005,3/21/2006,3/20/2007,3/22/2008,3/21/2009,3/22/2010,3/28/2011,3/31/2012,3/16/2013,3/25/2014,3/23/2015,3/21/2016,3/21/2017,3/17/2018,3/21/2019,3/14/2020,3/14/2021,3 26,,"東京都, 日本",35.6828387,139.7594549
"Owase, Japan",False,3/22/1953,3/26/1954,3/21/1955,3/28/1956,4/5/1957,3/28/1958,3/18/1959,3/28/1960,3/28/1961,4/2/1962,4/1/1963,4/3/1964,4/7/1965,3/22/1966,3/27/1967,3/30/1968,4/1/1969,4/5/1970,3/28/1971,3/29/1972,3/30/1973,3/27/1974,3/31/1975,3/26/1976,3/24/1977,4/5/1978,3/31/1979,3/30/1980,3/26/1981,3/23/1982,4/3/1983,4/5/1984,3/29/1985,3/30/1986,3/28/1987,3/30/1988,3/17/1989,3/20/1990,3/29/1991,3/25/1992,3/27/1993,4/2/1994,3/31/1995,3/27/1996,3/27/1997,3/26/1998,3/22/1999,3/31/2000,3/26/2001,3/20/2002,3/22/2003,3/28/2004,4/2/2005,3/23/2006,3/23/2007,,,,,,,,,,,,,,,-,,"尾鷲市, 三重県, 日本",34.0707815,136.1911394
"Yokohama, Japan",True,3/25/1953,3/26/1954,3/24/1955,3/28/1956,4/3/1957,3/25/1958,3/20/1959,3/21/1960,3/31/1961,3/29/1962,4/1/1963,4/4/1964,4/3/1965,3/19/1966,3/30/1967,3/29/1968,4/3/1969,4/4/1970,3/30/1971,3/28/1972,3/31/1973,4/1/1974,3/30/1975,3/25/1976,3/25/1977,4/5/1978,3/24/1979,4/1/1980,3/27/1981,3/23/1982,4/2/1983,4/10/1984,4/1/1985,4/2/1986,3/21/1987,4/2/1988,3/21/1989,3/18/1990,3/29/1991,3/23/1992,3/24/1993,4/1/1994,3/31/1995,3/29/1996,3/25/1997,3/28/1998,3/24/1999,3/29/2000,3/22/2001,3/15/2002,3/27/2003,3/18/2004,4/2/2005,3/21/2006,3/23/2007,3/23/2008,3/22/2009,3/22/2010,3/30/2011,4/2/2012,3/18/2013,3/25/2014,3/23/2015,3/23/2016,3/25/2017,3/19/2018,3/21/2019,3/18/2020,3/17/2021,3 26,,"横浜市, 神奈川県, 〒231-0016, 日本",35.444991,139.636768
"Tateyama, Japan",False,,,,,,,,,,,,,,,,,4/1/1969,4/6/1970,3/30/1971,3/29/1972,3/31/1973,4/1/1974,4/2/1975,3/23/1976,3/23/1977,4/7/1978,3/31/1979,4/6/1980,4/1/1981,3/25/1982,4/6/1983,4/9/1984,4/3/1985,3/31/1986,3/25/1987,4/5/1988,3/25/1989,3/20/1990,4/3/1991,3/27/1992,4/2/1993,4/3/1994,4/5/1995,3/30/1996,3/30/1997,3/31/1998,3/30/1999,4/4/2000,3/25/2001,3/19/2002,3/27/2003,3/30/2004,4/3/2005,3/21/2006,,,,,,,,,,,,,,,,-,,"館山市, 千葉県, 日本",34.9965304,139.8699838
"Oshima, Japan",False,4/5/1953,3/26/1954,,3/20/1956,3/26/1957,,3/21/1959,,,,4/1/1963,4/3/1964,4/6/1965,3/17/1966,3/31/1967,3/29/1968,4/4/1969,4/3/1970,3/29/1971,3/29/1972,4/1/1973,4/1/1974,3/31/1975,3/29/1976,3/26/1977,4/4/1978,3/30/1979,4/3/1980,3/29/1981,3/24/1982,4/3/1983,4/7/1984,4/3/1985,4/1/1986,3/29/1987,4/5/1988,3/22/1989,3/20/1990,3/27/1991,3/26/1992,4/1/1993,4/3/1994,4/1/1995,3/28/1996,3/27/1997,3/28/1998,3/22/1999,4/2/2000,3/24/2001,3/17/2002,3/25/2003,3/25/2004,3/29/2005,3/20/2006,3/26/2007,3/24/2008,3/26/2009,,,,,,,,,,,,,-,,"大島町, 大島支庁, 東京都, 100-0103, 日本",34.737515,139.400251
"Miyakejima, Japan",False,,,,,,,,,,,,,3/28/1965,3/17/1966,3/25/1967,3/28/1968,3/25/1969,,3/27/1971,3/30/1972,4/1/1973,3/25/1974,4/2/1975,3/25/1976,3/20/1977,4/4/1978,3/31/1979,3/31/1980,3/26/1981,3/26/1982,4/2/1983,4/4/1984,3/25/1985,3/29/1986,3/30/1987,4/4/1988,3/16/1989,3/20/1990,3/28/1991,3/31/1992,4/1/1993,4/3/1994,4/5/1995,3/28/1996,3/24/1997,3/28/1998,3/21/1999,4/4/2000,,,,,,,,,,,,,,,,,,,,,,-,,"三宅島, 東京都, 日本",34.085378000000006,139.52127731368265
"Hachijojima, Japan",False,3/27/1953,4/3/1954,3/21/1955,3/28/1956,4/2/1957,4/4/1958,4/1/1959,4/3/1960,4/1/1961,4/2/1962,4/1/1963,4/5/1964,4/7/1965,3/28/1966,3/28/1967,3/25/1968,4/23/1969,4/6/1970,4/2/1971,4/15/1972,4/7/1973,3/30/1974,4/7/1975,3/26/1976,3/26/1977,4/8/1978,4/15/1979,4/4/1980,3/25/1981,3/29/1982,4/6/1983,4/2/1984,3/28/1985,3/27/1986,4/9/1987,4/3/1988,3/29/1989,3/30/1990,4/3/1991,3/30/1992,4/9/1993,4/4/1994,4/2/1995,3/23/1996,3/30/1997,4/1/1998,3/26/1999,4/6/2000,3/29/2001,3/28/2002,3/28/2003,3/26/2004,4/8/2005,3/19/2006,4/13/2007,3/30/2008,4/4/2009,,,,,,,,,,,,,-,,"八丈島, 東京都, 日本",33.1024935,139.8076939278656
"Saigo, Japan",False,4/6/1953,3/31/1954,3/31/1955,4/6/1956,4/9/1957,4/1/1958,3/25/1959,3/28/1960,4/3/1961,4/7/1962,4/9/1963,4/7/1964,4/12/1965,3/30/1966,4/1/1967,4/7/1968,4/13/1969,4/14/1970,4/8/1971,4/6/1972,4/7/1973,4/10/1974,4/8/1975,4/3/1976,4/3/1977,4/8/1978,4/1/1979,4/8/1980,4/5/1981,4/1/1982,4/7/1983,4/17/1984,4/7/1985,4/9/1986,3/31/1987,4/11/1988,3/30/1989,3/27/1990,4/9/1991,3/31/1992,4/2/1993,4/7/1994,4/6/1995,4/13/1996,3/31/1997,3/30/1998,4/3/1999,4/7/2000,4/2/2001,3/25/2002,4/3/2003,3/28/2004,4/7/2005,4/4/2006,3/28/2007,4/3/2008,,,,,,,,,,,,,,-,,"西郷, 国道251号, 瑞穂町西郷辛, 雲仙市, 長崎県, 日本",32.8728923,130.2439633
"Matsue, Japan",True,4/2/1953,3/31/1954,3/29/1955,4/5/1956,4/10/1957,4/5/1958,3/27/1959,3/29/1960,4/1/1961,4/5/1962,4/10/1963,4/5/1964,4/12/1965,3/28/1966,3/31/1967,4/5/1968,4/10/1969,4/9/1970,4/6/1971,4/4/1972,4/1/1973,4/6/1974,4/7/1975,4/2/1976,4/1/1977,4/8/1978,3/31/1979,4/3/1980,4/4/1981,3/30/1982,4/6/1983,4/13/1984,4/5/1985,4/7/1986,3/30/1987,4/10/1988,3/28/1989,3/24/1990,4/7/1991,3/30/1992,4/1/1993,4/5/1994,4/3/1995,4/6/1996,3/28/1997,3/26/1998,3/29/1999,4/2/2000,3/26/2001,3/22/2002,3/31/2003,3/21/2004,4/5/2005,3/28/2006,3/26/2007,4/1/2008,3/22/2009,3/22/2010,4/6/2011,4/6/2012,3/23/2013,3/27/2014,3/29/2015,3/23/2016,4/1/2017,3/26/2018,3/26/2019,3/23/2020,3/14/2021,3 31,,"松江市, 島根県, 日本",35.468115,133.048768
"Yonago, Japan",False,,4/5/1954,3/27/1955,4/7/1956,4/10/1957,4/4/1958,3/26/1959,3/29/1960,4/1/1961,4/5/1962,4/5/1963,4/3/1964,4/13/1965,3/29/1966,4/1/1967,4/4/1968,4/9/1969,4/9/1970,4/5/1971,3/31/1972,3/31/1973,4/5/1974,4/6/1975,3/31/1976,3/31/1977,4/8/1978,3/31/1979,4/5/1980,4/3/1981,3/30/1982,4/5/1983,4/14/1984,4/4/1985,4/8/1986,3/30/1987,4/11/1988,3/29/1989,3/24/1990,4/5/1991,3/31/1992,4/1/1993,4/5/1994,4/4/1995,4/6/1996,3/28/1997,3/27/1998,3/27/1999,4/3/2000,3/25/2001,3/20/2002,3/30/2003,3/21/2004,4/4/2005,4/1/2006,3/25/2007,3/31/2008,,,,,,,,,,,,,,-,,"米子市, 鳥取県, 日本",35.4276408,133.331459
"Tottori, Japan",True,4/3/1953,4/1/1954,3/29/1955,4/3/1956,4/10/1957,4/4/1958,3/28/1959,3/30/1960,4/4/1961,4/4/1962,4/6/1963,4/5/1964,4/12/1965,3/29/1966,3/31/1967,4/4/1968,4/8/1969,4/10/1970,4/5/1971,3/30/1972,4/1/1973,4/4/1974,4/4/1975,3/31/1976,4/2/1977,4/8/1978,3/30/1979,4/5/1980,3/31/1981,3/30/1982,4/6/1983,4/13/1984,4/4/1985,4/7/1986,3/29/1987,4/11/1988,3/29/1989,3/24/1990,4/5/1991,3/31/1992,4/1/1993,4/5/1994,4/4/1995,4/6/1996,3/28/1997,3/26/1998,3/26/1999,4/5/2000,3/26/2001,3/22/2002,3/31/2003,3/24/2004,4/5/2005,4/1/2006,3/25/2007,3/29/2008,3/22/2009,3/25/2010,4/2/2011,4/3/2012,3/20/2013,3/27/2014,3/28/2015,3/23/2016,4/2/2017,3/24/2018,3/26/2019,3/23/2020,3/19/2021,3 31,,"鳥取県, 日本",35.3555075,133.8678525
"Toyooka, Japan",False,4/5/1953,4/2/1954,4/1/1955,4/5/1956,4/8/1957,4/5/1958,3/25/1959,3/29/1960,4/3/1961,4/7/1962,4/8/1963,4/4/1964,4/14/1965,4/1/1966,4/3/1967,4/6/1968,4/9/1969,4/14/1970,4/7/1971,4/2/1972,4/4/1973,4/7/1974,4/8/1975,4/3/1976,4/7/1977,4/10/1978,3/30/1979,4/5/1980,4/5/1981,3/31/1982,4/4/1983,4/16/1984,4/8/1985,4/10/1986,4/4/1987,4/13/1988,3/30/1989,3/28/1990,4/6/1991,4/2/1992,4/3/1993,4/6/1994,4/6/1995,4/9/1996,4/1/1997,3/28/1998,3/29/1999,4/8/2000,3/28/2001,3/26/2002,4/3/2003,3/28/2004,4/7/2005,4/4/2006,3/26/2007,,,,,,,,,,,,,,,-,,"豊岡市, 兵庫県, 日本",35.5446737,134.8201126
"Maizuru, Japan",False,4/1/1953,3/30/1954,3/29/1955,3/31/1956,4/11/1957,4/4/1958,3/27/1959,3/30/1960,4/4/1961,4/3/1962,4/3/1963,4/5/1964,4/13/1965,4/2/1966,4/2/1967,4/6/1968,4/9/1969,4/14/1970,4/6/1971,3/31/1972,4/4/1973,4/7/1974,4/7/1975,4/4/1976,4/3/1977,4/10/1978,3/30/1979,4/6/1980,4/5/1981,3/30/1982,4/5/1983,4/16/1984,4/6/1985,4/9/1986,4/4/1987,4/12/1988,3/30/1989,3/26/1990,4/5/1991,3/31/1992,4/3/1993,4/6/1994,4/6/1995,4/9/1996,4/2/1997,3/28/1998,3/31/1999,4/10/2000,3/29/2001,3/25/2002,4/3/2003,3/27/2004,4/7/2005,4/5/2006,3/31/2007,4/2/2008,3/25/2009,3/27/2010,4/5/2011,4/9/2012,3/25/2013,,,,,,,,,4  3,,"舞鶴市, 京都府, 日本",35.4704853,135.34844
"Hamada, Japan",False,3/23/1953,3/26/1954,3/22/1955,4/2/1956,4/5/1957,3/25/1958,3/23/1959,3/26/1960,3/30/1961,3/28/1962,4/4/1963,4/1/1964,4/1/1965,3/20/1966,3/26/1967,4/2/1968,4/3/1969,4/4/1970,4/2/1971,4/3/1972,3/28/1973,4/2/1974,3/31/1975,3/24/1976,3/25/1977,4/4/1978,3/28/1979,4/1/1980,3/28/1981,3/23/1982,4/4/1983,4/9/1984,4/1/1985,4/3/1986,3/26/1987,4/6/1988,3/26/1989,3/20/1990,4/4/1991,3/26/1992,3/30/1993,4/2/1994,3/31/1995,3/30/1996,3/27/1997,3/23/1998,3/28/1999,3/30/2000,3/24/2001,3/17/2002,3/29/2003,3/21/2004,4/1/2005,3/26/2006,3/25/2007,,,,,,,,,,,,,,,-,,"浜田市, 島根県, 日本",34.8991982,132.0799984
"Kyoto, Japan",True,4/5/1953,3/29/1954,3/28/1955,4/1/1956,4/7/1957,4/2/1958,3/23/1959,3/29/1960,3/31/1961,4/2/1962,4/4/1963,4/5/1964,4/9/1965,3/27/1966,4/1/1967,4/2/1968,4/7/1969,4/9/1970,4/1/1971,3/30/1972,4/1/1973,4/4/1974,4/4/1975,3/29/1976,3/29/1977,4/8/1978,3/31/1979,4/5/1980,3/30/1981,3/24/1982,4/2/1983,4/9/1984,4/2/1985,4/3/1986,3/27/1987,4/5/1988,3/24/1989,3/21/1990,3/30/1991,3/27/1992,3/28/1993,4/3/1994,3/31/1995,3/31/1996,3/26/1997,3/24/1998,3/25/1999,4/3/2000,3/24/2001,3/18/2002,3/28/2003,3/24/2004,4/2/2005,3/27/2006,3/25/2007,3/24/2008,3/19/2009,3/19/2010,3/28/2011,4/3/2012,3/22/2013,3/27/2014,3/27/2015,3/23/2016,3/31/2017,3/22/2018,3/27/2019,3/22/2020,3/16/2021,3 28,,"京都市, 京都府, 日本",35.021041,135.7556075
"Hikone, Japan",True,4/5/1953,3/31/1954,3/31/1955,4/5/1956,4/10/1957,4/5/1958,3/29/1959,3/31/1960,4/4/1961,4/5/1962,4/5/1963,4/6/1964,4/15/1965,4/5/1966,4/3/1967,4/6/1968,4/7/1969,4/11/1970,4/3/1971,3/31/1972,4/2/1973,4/8/1974,4/6/1975,4/2/1976,4/5/1977,4/9/1978,4/2/1979,4/6/1980,4/5/1981,3/30/1982,4/6/1983,4/15/1984,4/6/1985,4/9/1986,4/4/1987,4/7/1988,3/30/1989,3/23/1990,4/4/1991,3/31/1992,4/3/1993,4/5/1994,4/1/1995,4/8/1996,3/30/1997,3/29/1998,3/29/1999,4/9/2000,4/1/2001,3/26/2002,3/31/2003,3/28/2004,4/6/2005,4/6/2006,3/30/2007,3/30/2008,3/28/2009,4/1/2010,4/1/2011,4/8/2012,3/30/2013,4/2/2014,3/31/2015,3/30/2016,4/5/2017,3/27/2018,4/4/2019,3/27/2020,3/22/2021,4  2,,"彦根市, 滋賀県, 日本",35.254276,136.215376
"Hiroshima, Japan",True,4/2/1953,3/28/1954,3/24/1955,4/2/1956,4/5/1957,3/26/1958,3/21/1959,3/23/1960,3/31/1961,3/30/1962,4/2/1963,4/2/1964,4/2/1965,3/26/1966,3/29/1967,4/2/1968,4/5/1969,4/6/1970,4/3/1971,3/30/1972,3/30/1973,4/3/1974,4/2/1975,3/28/1976,3/26/1977,4/3/1978,3/29/1979,4/1/1980,3/30/1981,3/24/1982,4/4/1983,4/8/1984,3/30/1985,4/2/1986,3/25/1987,4/3/1988,3/25/1989,3/20/1990,3/31/1991,3/27/1992,3/26/1993,3/31/1994,3/29/1995,4/1/1996,3/22/1997,3/20/1998,3/27/1999,3/28/2000,3/23/2001,3/20/2002,3/25/2003,3/19/2004,4/3/2005,3/22/2006,3/22/2007,3/25/2008,3/22/2009,3/20/2010,4/1/2011,4/2/2012,3/22/2013,3/25/2014,3/24/2015,3/23/2016,3/27/2017,3/22/2018,3/22/2019,3/22/2020,3/11/2021,3 27,,"広島市, 広島県, 日本",34.3916058,132.4518156
"Okayama, Japan",True,3/31/1953,3/28/1954,3/25/1955,3/29/1956,4/6/1957,4/1/1958,3/23/1959,3/28/1960,4/2/1961,4/2/1962,4/5/1963,4/3/1964,4/8/1965,3/26/1966,3/31/1967,4/4/1968,4/6/1969,4/8/1970,4/2/1971,3/31/1972,3/31/1973,4/5/1974,4/5/1975,3/30/1976,3/30/1977,4/3/1978,3/29/1979,4/2/1980,3/30/1981,3/25/1982,4/4/1983,4/10/1984,4/1/1985,4/3/1986,3/25/1987,4/5/1988,3/26/1989,3/23/1990,3/31/1991,3/30/1992,3/29/1993,4/3/1994,4/1/1995,4/3/1996,3/28/1997,3/27/1998,3/27/1999,4/1/2000,3/26/2001,3/20/2002,3/29/2003,3/25/2004,4/3/2005,3/29/2006,3/26/2007,3/26/2008,3/21/2009,3/22/2010,3/31/2011,4/3/2012,3/24/2013,3/28/2014,3/28/2015,3/26/2016,4/1/2017,3/25/2018,3/27/2019,3/24/2020,3/20/2021,3 29,,"岡山市, 岡山県, 日本",34.6553944,133.9194595
"Kobe, Japan",True,4/4/1953,3/28/1954,3/30/1955,3/30/1956,4/8/1957,4/2/1958,3/27/1959,3/28/1960,4/1/1961,4/2/1962,4/4/1963,4/4/1964,4/8/1965,3/25/1966,3/31/1967,3/31/1968,4/4/1969,4/6/1970,3/31/1971,3/31/1972,3/29/1973,4/1/1974,3/31/1975,3/25/1976,3/26/1977,4/6/1978,3/29/1979,4/3/1980,3/29/1981,3/24/1982,4/1/1983,4/10/1984,3/30/1985,4/3/1986,3/27/1987,4/5/1988,3/25/1989,3/21/1990,3/29/1991,3/27/1992,3/29/1993,4/2/1994,3/31/1995,3/31/1996,3/26/1997,3/24/1998,3/25/1999,4/2/2000,3/25/2001,3/22/2002,3/28/2003,3/26/2004,4/3/2005,3/27/2006,3/30/2007,3/26/2008,3/23/2009,3/20/2010,3/31/2011,4/2/2012,3/21/2013,3/27/2014,3/27/2015,3/26/2016,4/3/2017,3/23/2018,3/27/2019,3/26/2020,3/24/2021,3 28,,"神戸市, 兵庫県, 日本",34.6932379,135.1943764
"Osaka, Japan",True,4/2/1953,3/31/1954,3/28/1955,3/30/1956,4/7/1957,3/27/1958,3/25/1959,3/28/1960,4/2/1961,4/4/1962,4/2/1963,4/3/1964,4/10/1965,3/23/1966,3/30/1967,4/1/1968,4/7/1969,4/8/1970,4/2/1971,3/30/1972,3/31/1973,4/3/1974,4/2/1975,3/29/1976,3/27/1977,4/4/1978,3/29/1979,4/3/1980,3/28/1981,3/23/1982,3/31/1983,4/10/1984,3/29/1985,4/2/1986,3/25/1987,4/5/1988,3/25/1989,3/21/1990,3/29/1991,3/26/1992,3/29/1993,3/31/1994,3/31/1995,3/31/1996,3/27/1997,3/25/1998,3/24/1999,4/2/2000,3/25/2001,3/20/2002,3/27/2003,3/23/2004,4/3/2005,3/28/2006,3/27/2007,3/26/2008,3/24/2009,3/21/2010,3/31/2011,4/2/2012,3/21/2013,3/27/2014,3/26/2015,3/23/2016,3/30/2017,3/20/2018,3/27/2019,3/23/2020,3/19/2021,3 28,,"大阪府, 日本",34.6198813,135.490357
"Sumoto, Japan",False,3/30/1953,3/27/1954,3/30/1955,3/29/1956,4/6/1957,3/28/1958,3/23/1959,3/24/1960,3/31/1961,3/29/1962,4/3/1963,4/3/1964,4/5/1965,3/19/1966,3/27/1967,4/1/1968,4/4/1969,4/6/1970,3/30/1971,3/29/1972,3/30/1973,4/1/1974,3/30/1975,3/25/1976,3/26/1977,4/5/1978,3/28/1979,4/2/1980,3/30/1981,3/25/1982,4/4/1983,4/10/1984,4/3/1985,4/5/1986,3/25/1987,4/6/1988,3/19/1989,3/21/1990,4/3/1991,3/26/1992,3/31/1993,4/2/1994,4/4/1995,4/2/1996,3/29/1997,3/24/1998,3/30/1999,4/2/2000,3/26/2001,3/20/2002,,,,,,,,,,,,,,,,,,,,-,,"洲本市, 兵庫県, 日本",34.3389909,134.859985
"Wakayama, Japan",True,3/20/1953,3/21/1954,3/30/1955,3/27/1956,4/4/1957,3/24/1958,3/19/1959,3/21/1960,3/25/1961,3/30/1962,4/2/1963,3/31/1964,3/31/1965,3/18/1966,3/26/1967,3/29/1968,4/2/1969,4/4/1970,3/28/1971,3/29/1972,3/30/1973,3/30/1974,3/31/1975,3/27/1976,3/23/1977,4/2/1978,3/28/1979,4/2/1980,3/25/1981,3/22/1982,4/2/1983,4/6/1984,3/28/1985,4/2/1986,3/25/1987,4/5/1988,3/20/1989,3/19/1990,3/27/1991,3/25/1992,3/28/1993,4/1/1994,3/28/1995,3/29/1996,3/18/1997,3/24/1998,3/24/1999,3/28/2000,3/23/2001,3/16/2002,3/26/2003,3/19/2004,3/29/2005,3/25/2006,3/26/2007,3/24/2008,3/21/2009,3/18/2010,3/27/2011,3/30/2012,3/18/2013,3/26/2014,3/23/2015,3/22/2016,3/30/2017,3/20/2018,3/25/2019,3/22/2020,3/18/2021,3 26,,"和歌山市, 和歌山県, 640-8511, 日本",34.234617,135.1782181
"Shionomisaki, Japan",False,,,,,,3/27/1958,3/10/1959,3/18/1960,,3/26/1962,3/30/1963,4/3/1964,4/6/1965,3/21/1966,3/27/1967,3/27/1968,4/4/1969,4/2/1970,3/27/1971,3/30/1972,3/30/1973,3/22/1974,3/29/1975,3/24/1976,3/21/1977,4/3/1978,4/1/1979,4/1/1980,3/26/1981,3/24/1982,4/2/1983,4/2/1984,3/27/1985,3/30/1986,3/31/1987,4/5/1988,3/20/1989,3/23/1990,3/27/1991,3/28/1992,4/2/1993,4/3/1994,3/31/1995,3/28/1996,3/23/1997,3/26/1998,3/21/1999,3/31/2000,3/27/2001,3/20/2002,3/19/2003,3/26/2004,4/1/2005,3/19/2006,3/28/2007,3/24/2008,3/22/2009,,,,,,,,,,,,,-,,"潮岬, 串本町, 東牟婁郡, 和歌山県, 649-3592, 日本",33.4377085,135.7549926
"Nara, Japan",True,,3/27/1954,3/27/1955,4/2/1956,4/7/1957,4/2/1958,3/24/1959,3/29/1960,4/2/1961,4/2/1962,4/4/1963,4/4/1964,4/12/1965,3/26/1966,4/1/1967,4/4/1968,4/5/1969,4/10/1970,4/2/1971,4/1/1972,3/31/1973,4/5/1974,4/5/1975,3/30/1976,3/30/1977,4/8/1978,3/30/1979,4/4/1980,3/31/1981,3/28/1982,4/4/1983,4/12/1984,4/2/1985,4/4/1986,3/28/1987,4/7/1988,3/25/1989,3/23/1990,3/28/1991,3/26/1992,3/30/1993,4/3/1994,4/1/1995,4/1/1996,3/28/1997,3/26/1998,3/26/1999,4/5/2000,3/26/2001,3/20/2002,3/30/2003,3/25/2004,4/2/2005,3/29/2006,3/27/2007,3/26/2008,3/23/2009,3/20/2010,3/31/2011,4/3/2012,3/22/2013,3/27/2014,3/27/2015,3/23/2016,4/3/2017,3/24/2018,3/29/2019,3/26/2020,3/21/2021,3 29,,"奈良県, 日本",34.2963089,135.8816819
"Matsuyama, Japan",True,3/26/1953,3/27/1954,3/28/1955,3/28/1956,4/6/1957,4/1/1958,3/23/1959,3/24/1960,3/29/1961,4/1/1962,4/1/1963,4/2/1964,4/3/1965,3/24/1966,3/28/1967,3/31/1968,4/3/1969,4/2/1970,3/29/1971,3/30/1972,3/29/1973,3/30/1974,3/30/1975,3/27/1976,3/24/1977,4/2/1978,3/26/1979,3/30/1980,3/26/1981,3/21/1982,4/1/1983,4/5/1984,3/28/1985,3/31/1986,3/24/1987,4/3/1988,3/21/1989,3/18/1990,3/28/1991,3/25/1992,3/26/1993,3/31/1994,3/30/1995,3/29/1996,3/24/1997,3/21/1998,3/25/1999,3/28/2000,3/24/2001,3/18/2002,3/26/2003,3/19/2004,4/1/2005,3/24/2006,3/23/2007,3/25/2008,3/17/2009,3/14/2010,3/25/2011,3/30/2012,3/17/2013,3/24/2014,3/27/2015,3/23/2016,3/30/2017,3/19/2018,3/22/2019,3/25/2020,3/15/2021,3 25,,"松山市, 愛媛県, 日本",33.8395188,132.7653521
"Takamatsu, Japan",True,4/1/1953,3/30/1954,3/30/1955,4/1/1956,4/3/1957,4/1/1958,3/26/1959,3/29/1960,4/1/1961,4/4/1962,4/4/1963,4/3/1964,4/5/1965,3/26/1966,3/31/1967,4/3/1968,4/7/1969,4/6/1970,3/31/1971,3/30/1972,3/30/1973,4/3/1974,3/31/1975,3/28/1976,3/28/1977,4/4/1978,3/29/1979,4/2/1980,3/30/1981,3/24/1982,4/2/1983,4/8/1984,3/31/1985,4/3/1986,3/24/1987,4/5/1988,3/24/1989,3/21/1990,3/29/1991,3/25/1992,3/27/1993,4/2/1994,3/31/1995,4/2/1996,3/28/1997,3/25/1998,3/27/1999,3/31/2000,3/26/2001,3/18/2002,3/28/2003,3/24/2004,4/1/2005,3/27/2006,3/28/2007,3/25/2008,3/20/2009,3/20/2010,3/31/2011,4/2/2012,3/22/2013,3/26/2014,3/24/2015,3/26/2016,4/2/2017,3/24/2018,3/26/2019,3/23/2020,3/15/2021,3 28,,"高松市, 香川県, 日本",34.3425592,134.0465338
"Uwajima, Japan",False,,,,,,,,,,,,,,,3/25/1967,3/29/1968,3/30/1969,4/1/1970,3/26/1971,3/26/1972,3/28/1973,3/22/1974,3/27/1975,3/22/1976,3/20/1977,3/31/1978,3/27/1979,3/28/1980,3/25/1981,3/20/1982,3/30/1983,3/31/1984,3/26/1985,3/27/1986,3/23/1987,4/2/1988,3/15/1989,3/15/1990,3/24/1991,3/23/1992,3/30/1993,3/29/1994,3/27/1995,3/24/1996,3/17/1997,3/18/1998,3/19/1999,3/25/2000,3/21/2001,3/15/2002,3/20/2003,3/17/2004,3/28/2005,,,,,,,,,,,,,,,,,-,,"宇和島市, 愛媛県, 798-8601, 日本",33.2232315,132.5606514
"Kochi, Japan",True,,3/25/1954,3/21/1955,3/24/1956,4/2/1957,3/24/1958,3/21/1959,3/23/1960,3/25/1961,3/30/1962,3/27/1963,3/30/1964,3/30/1965,3/17/1966,3/20/1967,3/29/1968,3/27/1969,3/27/1970,3/22/1971,3/22/1972,3/23/1973,3/23/1974,3/24/1975,3/23/1976,3/20/1977,3/29/1978,3/26/1979,3/26/1980,3/20/1981,3/17/1982,3/29/1983,3/30/1984,3/24/1985,3/25/1986,3/22/1987,3/28/1988,3/15/1989,3/14/1990,3/24/1991,3/25/1992,3/29/1993,3/30/1994,3/28/1995,3/25/1996,3/15/1997,3/17/1998,3/19/1999,3/27/2000,3/21/2001,3/17/2002,3/18/2003,3/19/2004,3/31/2005,3/15/2006,3/23/2007,3/24/2008,3/16/2009,3/10/2010,3/22/2011,3/21/2012,3/15/2013,3/18/2014,3/22/2015,3/24/2016,3/29/2017,3/15/2018,3/22/2019,3/24/2020,3/15/2021,3 22,,"高知市, 高知県, 780-8571, 日本",33.5680384,133.5394221
"Tokushima, Japan",True,3/27/1953,3/28/1954,3/25/1955,3/27/1956,4/5/1957,3/28/1958,3/26/1959,3/28/1960,4/2/1961,3/30/1962,4/1/1963,4/1/1964,3/31/1965,3/18/1966,3/26/1967,3/31/1968,4/2/1969,4/3/1970,3/29/1971,3/29/1972,3/30/1973,3/31/1974,3/30/1975,3/27/1976,3/26/1977,4/2/1978,3/29/1979,4/1/1980,3/26/1981,3/23/1982,4/5/1983,4/6/1984,4/1/1985,4/1/1986,3/26/1987,4/5/1988,3/23/1989,3/21/1990,3/29/1991,3/29/1992,3/30/1993,4/2/1994,3/29/1995,3/29/1996,3/25/1997,3/26/1998,3/24/1999,3/30/2000,3/25/2001,3/19/2002,3/27/2003,3/26/2004,3/31/2005,3/27/2006,3/27/2007,3/25/2008,3/23/2009,3/26/2010,3/31/2011,4/1/2012,3/24/2013,3/29/2014,3/28/2015,3/30/2016,4/3/2017,3/23/2018,3/28/2019,3/27/2020,3/25/2021,3 28,,"徳島市, 徳島県, 770-8571, 日本",34.0698307,134.5550353
"Shimonoseki, Japan",True,3/29/1953,3/28/1954,3/24/1955,4/4/1956,4/6/1957,3/25/1958,3/23/1959,3/29/1960,3/29/1961,4/2/1962,4/5/1963,4/1/1964,4/5/1965,3/26/1966,3/30/1967,4/2/1968,4/4/1969,4/5/1970,4/1/1971,4/2/1972,3/28/1973,3/31/1974,3/28/1975,3/25/1976,3/26/1977,3/31/1978,3/28/1979,4/2/1980,3/27/1981,3/23/1982,3/31/1983,4/6/1984,4/2/1985,4/2/1986,3/24/1987,4/4/1988,3/22/1989,3/20/1990,4/5/1991,3/27/1992,4/2/1993,4/2/1994,4/1/1995,3/31/1996,3/25/1997,3/26/1998,3/29/1999,3/28/2000,3/26/2001,3/19/2002,3/25/2003,3/23/2004,3/31/2005,3/25/2006,3/23/2007,3/26/2008,3/18/2009,3/20/2010,3/30/2011,3/30/2012,3/19/2013,3/25/2014,3/25/2015,3/28/2016,3/29/2017,3/23/2018,3/25/2019,3/24/2020,3/16/2021,3 27,,"下関市, 山口県, 日本",33.9577116,130.9415455
"Izuhara, Japan",False,3/28/1953,3/25/1954,3/26/1955,4/6/1956,4/5/1957,3/24/1958,3/22/1959,3/25/1960,3/27/1961,4/5/1962,4/1/1963,4/1/1964,4/3/1965,3/24/1966,3/31/1967,4/1/1968,4/4/1969,3/31/1970,3/31/1971,4/4/1972,3/29/1973,4/1/1974,3/29/1975,3/28/1976,3/23/1977,3/30/1978,3/28/1979,3/31/1980,3/26/1981,3/22/1982,3/31/1983,4/5/1984,3/29/1985,4/2/1986,3/23/1987,4/2/1988,3/22/1989,3/18/1990,4/3/1991,3/25/1992,3/27/1993,4/1/1994,3/31/1995,3/31/1996,3/21/1997,3/21/1998,3/26/1999,3/27/2000,3/24/2001,3/17/2002,3/23/2003,3/22/2004,4/1/2005,3/23/2006,3/26/2007,3/27/2008,3/18/2009,,,,,,,,,,,,,-,,"厳原, 対馬市, 長崎県, 817-0021, 日本",34.2022882,129.288952
"Fukuoka, Japan",True,3/28/1953,3/28/1954,3/24/1955,4/2/1956,4/1/1957,3/25/1958,3/25/1959,3/24/1960,3/28/1961,4/6/1962,4/3/1963,4/1/1964,3/30/1965,3/20/1966,3/28/1967,3/31/1968,4/4/1969,4/3/1970,3/31/1971,3/30/1972,3/28/1973,3/30/1974,4/1/1975,3/22/1976,3/23/1977,4/1/1978,3/28/1979,3/30/1980,3/25/1981,3/20/1982,3/31/1983,4/5/1984,4/1/1985,3/29/1986,3/22/1987,4/2/1988,3/17/1989,3/14/1990,3/29/1991,3/22/1992,3/24/1993,3/29/1994,3/27/1995,3/23/1996,3/18/1997,3/19/1998,3/21/1999,3/25/2000,3/22/2001,3/15/2002,3/22/2003,3/17/2004,3/29/2005,3/23/2006,3/21/2007,3/24/2008,3/13/2009,3/14/2010,3/22/2011,3/27/2012,3/13/2013,3/19/2014,3/22/2015,3/19/2016,3/25/2017,3/19/2018,3/21/2019,3/21/2020,3/12/2021,3 23,,"福岡県, 日本",33.6251241,130.6180016
"Saga, Japan",True,3/26/1953,3/27/1954,3/24/1955,3/29/1956,3/31/1957,3/24/1958,3/22/1959,3/25/1960,3/23/1961,3/31/1962,3/30/1963,3/31/1964,3/30/1965,3/23/1966,3/27/1967,3/31/1968,4/1/1969,4/1/1970,3/30/1971,3/28/1972,3/25/1973,3/28/1974,3/29/1975,3/21/1976,3/21/1977,3/30/1978,3/26/1979,3/27/1980,3/24/1981,3/19/1982,3/30/1983,3/31/1984,3/29/1985,3/26/1986,3/23/1987,4/2/1988,3/20/1989,3/17/1990,3/29/1991,3/25/1992,3/29/1993,3/29/1994,3/31/1995,3/25/1996,3/18/1997,3/18/1998,3/21/1999,3/27/2000,3/24/2001,3/17/2002,3/21/2003,3/23/2004,3/31/2005,3/23/2006,3/24/2007,3/24/2008,3/19/2009,3/21/2010,3/22/2011,3/28/2012,3/18/2013,3/19/2014,3/22/2015,3/23/2016,3/30/2017,3/20/2018,3/23/2019,3/23/2020,3/17/2021,3 24,,"佐賀県, 日本",33.2185408,130.1296585
"Oita, Japan",True,3/26/1953,3/27/1954,3/25/1955,3/31/1956,4/6/1957,3/27/1958,3/28/1959,3/29/1960,3/31/1961,4/1/1962,4/2/1963,4/1/1964,3/30/1965,3/24/1966,3/27/1967,4/2/1968,4/3/1969,4/2/1970,3/30/1971,3/28/1972,3/27/1973,3/29/1974,3/29/1975,3/29/1976,3/23/1977,3/30/1978,3/29/1979,3/29/1980,3/25/1981,3/19/1982,4/1/1983,4/3/1984,3/28/1985,3/30/1986,3/23/1987,4/2/1988,3/20/1989,3/16/1990,3/28/1991,3/26/1992,3/27/1993,3/30/1994,3/27/1995,3/26/1996,3/20/1997,3/19/1998,3/26/1999,3/26/2000,3/23/2001,3/17/2002,3/24/2003,3/19/2004,3/31/2005,3/23/2006,3/22/2007,3/24/2008,3/17/2009,3/17/2010,3/23/2011,3/27/2012,3/14/2013,3/25/2014,3/26/2015,3/28/2016,4/4/2017,3/23/2018,3/24/2019,3/25/2020,3/18/2021,3 24,,"大分県, 日本",33.1819875,131.4270217
"Fukue, Japan",False,3/26/1953,3/30/1954,3/23/1955,3/30/1956,4/4/1957,3/31/1958,3/20/1959,3/26/1960,3/23/1961,3/30/1962,4/2/1963,3/31/1964,4/2/1965,3/24/1966,3/29/1967,3/31/1968,4/3/1969,4/4/1970,3/28/1971,4/2/1972,3/29/1973,3/24/1974,3/31/1975,3/27/1976,3/20/1977,4/3/1978,3/28/1979,3/29/1980,3/26/1981,3/23/1982,3/31/1983,4/3/1984,3/28/1985,3/30/1986,3/29/1987,4/1/1988,3/22/1989,3/19/1990,3/29/1991,3/22/1992,3/31/1993,4/2/1994,4/1/1995,3/26/1996,3/20/1997,3/26/1998,3/26/1999,3/28/2000,3/24/2001,3/23/2002,3/22/2003,3/26/2004,3/31/2005,3/22/2006,3/28/2007,3/31/2008,3/23/2009,,,,,,,,,,,,,-,,"福江, 国道191号, 横野町一丁目, 下関市, 山口県, 759-6601, 日本",34.0471135,130.9156608
"Nagasaki, Japan",True,3/26/1953,3/27/1954,3/24/1955,3/28/1956,3/30/1957,3/22/1958,3/22/1959,3/22/1960,3/24/1961,4/1/1962,3/31/1963,3/30/1964,3/28/1965,3/22/1966,3/27/1967,3/29/1968,3/31/1969,3/29/1970,3/27/1971,3/28/1972,3/25/1973,3/20/1974,3/27/1975,3/17/1976,3/18/1977,3/29/1978,3/25/1979,3/27/1980,3/23/1981,3/19/1982,3/29/1983,3/31/1984,3/29/1985,3/27/1986,3/23/1987,4/1/1988,3/18/1989,3/15/1990,3/27/1991,3/22/1992,3/30/1993,3/30/1994,3/31/1995,3/23/1996,3/18/1997,3/24/1998,3/22/1999,3/26/2000,3/22/2001,3/19/2002,3/19/2003,3/23/2004,4/1/2005,3/22/2006,3/24/2007,3/24/2008,3/21/2009,3/18/2010,3/23/2011,3/26/2012,3/16/2013,3/20/2014,3/22/2015,3/22/2016,3/30/2017,3/17/2018,3/20/2019,3/24/2020,3/14/2021,3 24,,"長崎県, 日本",33.1154683,129.7874339
"Kumamoto, Japan",True,3/28/1953,3/26/1954,3/21/1955,3/25/1956,3/29/1957,3/24/1958,3/19/1959,3/22/1960,3/24/1961,4/2/1962,4/1/1963,3/29/1964,3/30/1965,3/18/1966,3/27/1967,3/29/1968,3/30/1969,4/1/1970,3/28/1971,3/26/1972,3/27/1973,3/25/1974,3/26/1975,3/18/1976,3/20/1977,3/29/1978,3/27/1979,3/24/1980,3/23/1981,3/19/1982,3/28/1983,3/31/1984,3/27/1985,3/26/1986,3/24/1987,4/1/1988,3/18/1989,3/17/1990,3/27/1991,3/18/1992,3/27/1993,3/29/1994,3/30/1995,3/22/1996,3/15/1997,3/17/1998,3/22/1999,3/24/2000,3/23/2001,3/16/2002,3/20/2003,3/24/2004,4/1/2005,3/20/2006,3/23/2007,3/22/2008,3/16/2009,3/16/2010,3/21/2011,3/25/2012,3/16/2013,3/20/2014,3/21/2015,3/22/2016,4/1/2017,3/17/2018,3/26/2019,3/23/2020,3/17/2021,3 23,,"熊本県, 日本",32.6450475,130.6341345
"Nobeoka, Japan",False,,,,,,,,,,3/30/1962,3/28/1963,3/21/1964,3/25/1965,3/19/1966,3/18/1967,3/25/1968,3/27/1969,3/26/1970,3/25/1971,3/23/1972,3/22/1973,3/20/1974,3/26/1975,3/20/1976,3/20/1977,4/1/1978,3/30/1979,3/27/1980,3/25/1981,3/21/1982,3/29/1983,3/31/1984,3/27/1985,3/27/1986,3/25/1987,4/2/1988,3/16/1989,3/21/1990,3/27/1991,3/24/1992,4/1/1993,3/30/1994,3/31/1995,,3/18/1997,3/26/1998,3/20/1999,,,,,,,,,,,,,,,,,,,,,,,-,,"延岡市, 宮崎県, 日本",32.5823063,131.6649034
"Kagoshima, Japan",True,3/29/1953,3/31/1954,3/29/1955,3/27/1956,4/1/1957,3/26/1958,3/23/1959,3/26/1960,3/28/1961,4/2/1962,4/1/1963,3/29/1964,3/25/1965,3/22/1966,3/27/1967,3/29/1968,3/30/1969,3/31/1970,3/30/1971,3/27/1972,3/26/1973,3/23/1974,3/29/1975,3/25/1976,3/18/1977,4/1/1978,3/30/1979,3/22/1980,3/22/1981,3/19/1982,3/27/1983,3/26/1984,3/26/1985,3/22/1986,3/26/1987,4/3/1988,3/25/1989,3/22/1990,3/24/1991,3/26/1992,3/31/1993,3/29/1994,3/31/1995,3/25/1996,3/21/1997,3/28/1998,3/26/1999,3/30/2000,3/30/2001,3/27/2002,3/24/2003,3/29/2004,4/3/2005,3/20/2006,3/30/2007,3/28/2008,3/19/2009,3/23/2010,3/23/2011,3/26/2012,3/15/2013,3/20/2014,3/21/2015,3/27/2016,4/5/2017,3/17/2018,3/25/2019,4/1/2020,3/17/2021,3 26,,"鹿児島市, 鹿児島県, 892-8677, 日本",31.5841689,130.543387
"Miyazaki, Japan",True,,,,,,,,,,,,,,,,,,,3/28/1971,3/24/1972,3/28/1973,3/24/1974,3/27/1975,3/24/1976,3/18/1977,3/30/1978,3/30/1979,3/26/1980,3/24/1981,3/18/1982,3/28/1983,3/28/1984,3/26/1985,3/24/1986,3/24/1987,4/2/1988,3/22/1989,3/19/1990,3/20/1991,3/24/1992,4/2/1993,3/30/1994,3/30/1995,3/22/1996,3/17/1997,3/23/1998,3/25/1999,3/28/2000,3/22/2001,3/18/2002,3/23/2003,3/26/2004,3/28/2005,3/18/2006,3/26/2007,3/26/2008,3/16/2009,3/17/2010,3/23/2011,3/24/2012,3/13/2013,3/19/2014,3/22/2015,3/24/2016,4/2/2017,3/16/2018,3/22/2019,3/25/2020,3/16/2021,3 24,,"宮崎市, 宮崎県, 880-8505, 日本",31.9076334,131.4204022
"Yakushima, Japan",False,,,,,,,,,,,,,,,,,,,,,,,,,,,,,,,,,,,,,,,3/25/1991,,,,,,,,,,,,,,,,,,,,,,,,,,,,,,,-,,"屋久島, 屋久島町, 熊毛郡, 鹿児島県, 日本",30.347925,130.52448324447516
"Tanegashima, Japan",False,3/25/1953,4/6/1954,3/10/1955,3/28/1956,,3/29/1958,4/3/1959,3/30/1960,3/30/1961,3/21/1962,,,4/1/1965,3/20/1966,3/22/1967,3/27/1968,,,3/22/1971,3/25/1972,3/10/1973,3/27/1974,4/7/1975,3/25/1976,3/19/1977,4/7/1978,4/18/1979,3/30/1980,3/22/1981,3/24/1982,3/29/1983,3/30/1984,3/28/1985,3/24/1986,3/27/1987,3/31/1988,3/22/1989,3/19/1990,3/24/1991,3/27/1992,3/29/1993,3/29/1994,3/31/1995,3/22/1996,3/23/1997,4/3/1998,4/2/1999,3/30/2000,3/28/2001,3/27/2002,3/20/2003,3/21/2004,3/31/2005,3/20/2006,4/1/2007,,,,,,,,,,,,,,,-,,"種子島, 熊毛郡, 鹿児島県, 891-3793, 日本",30.591848,130.99589484044418
"Naze, Japan",True,1/29/1953,1/21/1954,1/27/1955,1/15/1956,1/14/1957,,1/28/1959,1/23/1960,,,,,,,,,,,,1/8/1972,1/10/1973,1/15/1974,1/19/1975,1/22/1976,1/11/1977,1/27/1978,1/23/1979,1/16/1980,1/21/1981,1/21/1982,1/26/1983,1/27/1984,1/27/1985,1/19/1986,1/16/1987,1/12/1988,1/6/1989,1/14/1990,1/22/1991,1/17/1992,1/18/1993,1/19/1994,1/31/1995,1/14/1996,1/20/1997,1/12/1998,1/18/1999,1/18/2000,1/26/2001,1/17/2002,1/1/2003,1/20/2004,1/25/2005,1/16/2006,1/29/2007,1/21/2008,1/22/2009,1/22/2010,1/30/2011,1/20/2012,1/14/2013,1/16/2014,1/20/2015,1/18/2016,1/31/2017,1/22/2018,1/23/2019,1/23/2020,1/25/2021,1 19,Taiwan cherry (Prunus campanulata),"名瀬浦上町, 奄美市, 鹿児島県, 日本",28.3934485,129.5337385
"Yonaguni Island, Japan",False,,,,,,,,,,,,,,,,,,,,,,,,,,,,,,,,,,,,,,,,1/24/1992,2/2/1993,1/18/1994,2/22/1995,1/18/1996,2/3/1997,2/9/1998,2/6/1999,1/20/2000,2/5/2001,1/21/2002,1/26/2003,1/19/2004,2/5/2005,1/27/2006,2/8/2007,1/30/2008,,,,,,,,,,,,,,-,Taiwan cherry (Prunus campanulata),"与那国島, 与那国町, 八重山郡, 沖縄県, 日本",24.455595000000002,122.98760597555837
"Ishigaki Island, Japan",True,1/9/1953,,1/8/1955,1/5/1956,1/18/1957,1/10/1958,,,1/27/1961,1/26/1962,1/30/1963,2/20/1964,1/20/1965,1/14/1966,1/20/1967,12/19/1967,12/19/1968,1/29/1970,1/10/1971,1/26/1972,1/10/1973,1/3/1974,1/15/1975,1/15/1976,1/20/1977,1/27/1978,1/20/1979,1/10/1980,1/21/1981,1/11/1982,1/18/1983,1/14/1984,1/11/1985,1/14/1986,1/3/1987,1/1/1988,12/27/1988,1/5/1990,1/24/1991,1/5/1992,1/4/1993,1/15/1994,2/1/1995,1/4/1996,1/11/1997,2/15/1998,1/31/1999,1/14/2000,1/9/2001,1/4/2002,1/31/2003,1/15/2004,1/7/2005,1/15/2006,2/5/2007,1/27/2008,1/19/2009,1/15/2010,1/17/2011,12/24/2011,1/22/2013,1/16/2014,1/6/2015,2/12/2016,1/25/2017,1/19/2018,1/16/2019,1/29/2020,1/27/2021,1 16,Taiwan cherry (Prunus campanulata),"石垣鐘乳石洞, 208石垣浅田線, 石垣, 石垣市, 沖縄県, 907-8501, 日本",24.3618503,124.1543424
"Miyakojima, Japan",True,,,,,,,,,,,,,,,,,,,,1/29/1972,2/5/1973,1/15/1974,1/30/1975,1/20/1976,1/17/1977,2/1/1978,1/26/1979,2/3/1980,1/28/1981,1/20/1982,1/17/1983,1/21/1984,1/6/1985,1/23/1986,1/16/1987,1/17/1988,1/8/1989,1/11/1990,1/20/1991,1/10/1992,1/6/1993,1/5/1994,2/2/1995,1/7/1996,1/8/1997,1/10/1998,1/15/1999,1/5/2000,1/8/2001,1/6/2002,12/30/2002,1/28/2004,1/29/2005,1/19/2006,1/16/2007,1/29/2008,1/27/2009,1/18/2010,1/17/2011,1/18/2012,1/19/2013,1/16/2014,1/22/2015,2/4/2016,1/30/2017,1/23/2018,1/7/2019,2/7/2020,1/16/2021,1 16,Taiwan cherry (Prunus campanulata),"宮古島, 沖縄県, 日本",24.813957000000002,125.30557898287014
"Kumejima, Japan",False,,,,,,,,,,2/8/1962,2/15/1963,1/27/1964,1/27/1965,2/1/1966,,,,,,1/19/1972,1/17/1973,1/15/1974,,,,1/6/1978,1/29/1979,1/25/1980,1/27/1981,1/22/1982,1/30/1983,1/24/1984,1/23/1985,1/15/1986,1/8/1987,1/6/1988,12/31/1988,12/31/1989,1/2/1991,1/5/1992,1/7/1993,1/12/1994,1/15/1995,1/13/1996,1/15/1997,1/20/1998,1/26/1999,1/7/2000,1/4/2001,1/7/2002,1/15/2003,1/13/2004,,,,,,,,,,,,,,,,,,-,Taiwan cherry (Prunus campanulata),"久米島, 久米島町, 島尻郡, 沖縄県, 日本",26.341139,126.78905289115315
"Naha, Japan",True,,,,,,,,,,,,,,,,,,,,,,1/4/1974,1/18/1975,1/18/1976,1/7/1977,1/17/1978,1/6/1979,2/1/1980,1/24/1981,1/5/1982,1/16/1983,1/23/1984,1/23/1985,1/9/1986,1/23/1987,1/19/1988,1/9/1989,1/21/1990,1/24/1991,1/26/1992,1/23/1993,1/20/1994,2/8/1995,1/25/1996,1/20/1997,1/16/1998,2/2/1999,1/18/2000,1/17/2001,1/15/2002,1/21/2003,1/17/2004,1/19/2005,1/13/2006,1/23/2007,1/3/2008,1/2/2009,12/31/2009,1/7/2011,1/22/2012,12/28/2012,1/15/2014,1/15/2015,1/21/2016,1/14/2017,1/10/2018,1/10/2019,1/6/2020,1/14/2021,1 18,Taiwan cherry (Prunus campanulata),"那覇市, 沖縄県, 900-8585, 日本",26.2122345,127.6791452
"Nago, Japan",False,,,,,,,,,,,,,,,,,,,,12/25/1971,12/19/1972,12/27/1973,12/26/1974,1/1/1976,12/23/1976,12/30/1977,12/29/1978,12/24/1979,1/9/1981,12/30/1981,1/5/1983,1/13/1984,1/22/1985,12/26/1985,1/9/1987,1/4/1988,12/31/1988,12/30/1989,1/7/1991,1/6/1992,1/4/1993,1/10/1994,1/16/1995,1/4/1996,1/1/1997,1/4/1998,12/28/1998,1/1/2000,1/18/2001,1/15/2002,,,,,,,,,,,,,,,,,,,,-,Taiwan cherry (Prunus campanulata),"名護市, 沖縄県, 905-8540, 日本",26.5914524,127.9773062
"Iriomote Island, Japan",False,,,1/7/1955,,1/16/1957,,1/12/1959,2/8/1960,1/20/1961,2/7/1962,1/10/1963,2/5/1964,1/25/1965,1/27/1966,,,,,1/20/1971,1/27/1972,1/15/1973,1/20/1974,12/21/1974,1/5/1976,1/4/1977,1/26/1978,1/25/1979,1/9/1980,1/27/1981,1/10/1982,1/22/1983,1/17/1984,1/26/1985,1/23/1986,1/21/1987,1/15/1988,1/15/1989,1/18/1990,1/27/1991,1/21/1992,1/14/1993,1/21/1994,2/3/1995,1/14/1996,1/20/1997,1/30/1998,2/7/1999,1/16/2000,1/22/2001,1/15/2002,,,,,,,,,,,,,,,,,,,,-,Taiwan cherry (Prunus campanulata),"西表島, 八重山郡, 沖縄県, 日本",24.3464015,123.83916364873272
"Minamidaitojima, Japan",True,,,,,,,,,,,,,,,,,,,1/20/1971,1/16/1972,1/20/1973,1/12/1974,1/17/1975,1/15/1976,1/10/1977,,1/25/1979,1/30/1980,1/22/1981,1/24/1982,1/25/1983,1/19/1984,1/20/1985,1/18/1986,1/21/1987,1/29/1988,1/17/1989,1/16/1990,1/22/1991,1/20/1992,1/4/1993,1/7/1994,1/19/1995,1/25/1996,1/24/1997,1/13/1998,1/27/1999,1/17/2000,1/16/2001,1/4/2002,1/12/2003,1/22/2004,2/3/2005,1/15/2006,2/2/2007,1/25/2008,1/25/2009,1/26/2010,1/24/2011,1/17/2012,1/7/2013,1/7/2014,1/15/2015,2/9/2016,1/27/2017,1/7/2018,1/25/2019,2/6/2020,,1 20,Taiwan cherry (Prunus campanulata),"南大東島, 南大東村, 島尻郡, 沖縄県, 日本",25.8423115,131.24287129209847
