Site Name,Currently Being Observed,1953,1954,1955,1956,1957,1958,1959,1960,1961,1962,1963,1964,1965,1966,1967,1968,1969,1970,1971,1972,1973,1974,1975,1976,1977,1978,1979,1980,1981,1982,1983,1984,1985,1986,1987,1988,1989,1990,1991,1992,1993,1994,1995,1996,1997,1998,1999,2000,2001,2002,2003,2004,2005,2006,2007,2008,2009,2010,2011,2012,2013,2014,2015,2016,2017,2018,2019,2020,2021,30 Year Average 1981-2010,Notes
Wakkanai,TRUE,5/30/1953,5/27/1954,5/23/1955,5/14/1956,5/22/1957,5/25/1958,5/12/1959,5/24/1960,5/18/1961,5/17/1962,5/15/1963,,5/22/1965,,,,,,,,,5/22/1974,5/22/1975,5/23/1976,5/26/1977,5/19/1978,5/26/1979,5/27/1980,5/15/1981,5/18/1982,5/12/1983,5/26/1984,5/17/1985,5/18/1986,5/19/1987,5/20/1988,5/19/1989,5/9/1990,5/18/1991,5/19/1992,5/18/1993,5/19/1994,5/11/1995,5/25/1996,5/22/1997,5/14/1998,5/18/1999,5/21/2000,5/19/2001,5/2/2002,5/14/2003,5/12/2004,5/28/2005,5/20/2006,5/17/2007,5/5/2008,5/12/2009,5/25/2010,5/25/2011,5/18/2012,5/28/2013,5/13/2014,5/6/2015,5/15/2016,5/11/2017,5/15/2018,5/9/2019,5/12/2020,5/11/2021,5 17,Sargent cherry (Prunus sargentii)
Rumoi,FALSE,5/13/1953,5/17/1954,5/16/1955,5/14/1956,5/14/1957,5/16/1958,,,5/13/1961,5/16/1962,5/17/1963,5/11/1964,5/23/1965,5/20/1966,5/19/1967,5/11/1968,5/18/1969,5/11/1970,5/21/1971,,5/18/1973,5/18/1974,5/12/1975,5/16/1976,5/16/1977,5/14/1978,5/20/1979,5/22/1980,5/13/1981,5/12/1982,5/3/1983,5/23/1984,5/13/1985,5/11/1986,5/15/1987,5/12/1988,5/7/1989,5/1/1990,5/11/1991,5/16/1992,5/14/1993,5/18/1994,5/9/1995,5/22/1996,5/14/1997,5/3/1998,5/19/1999,5/17/2000,5/14/2001,5/2/2002,5/13/2003,5/13/2004,5/23/2005,5/16/2006,5/14/2007,5/1/2008,,,,,,,,,,,,,,-,Sargent cherry (Prunus sargentii)
Asahikawa,TRUE,5/16/1953,5/18/1954,5/14/1955,5/13/1956,5/14/1957,5/15/1958,5/13/1959,5/16/1960,5/12/1961,5/11/1962,5/13/1963,5/16/1964,5/19/1965,5/18/1966,5/8/1967,5/5/1968,5/9/1969,5/10/1970,5/15/1971,5/4/1972,5/11/1973,5/15/1974,5/12/1975,5/14/1976,5/14/1977,5/11/1978,5/15/1979,5/19/1980,5/7/1981,5/7/1982,4/29/1983,5/17/1984,5/6/1985,5/8/1986,5/10/1987,5/11/1988,5/6/1989,5/3/1990,5/7/1991,5/11/1992,5/11/1993,5/13/1994,5/4/1995,5/13/1996,5/7/1997,4/25/1998,5/8/1999,5/11/2000,5/7/2001,4/25/2002,5/4/2003,5/9/2004,5/17/2005,5/12/2006,5/8/2007,4/26/2008,5/4/2009,5/13/2010,5/12/2011,5/2/2012,5/20/2013,5/4/2014,4/28/2015,5/4/2016,5/5/2017,5/1/2018,5/4/2019,5/4/2020,5/3/2021,5  7,Sargent cherry (Prunus sargentii)
Abashiri,TRUE,5/26/1953,5/19/1954,5/20/1955,5/13/1956,,,5/7/1959,,,,,,,5/21/1966,,5/10/1968,5/13/1969,5/10/1970,5/20/1971,5/6/1972,5/13/1973,5/18/1974,5/17/1975,5/16/1976,5/16/1977,5/14/1978,5/26/1979,5/23/1980,5/17/1981,5/13/1982,5/5/1983,5/26/1984,5/12/1985,5/10/1986,5/11/1987,5/15/1988,5/19/1989,5/9/1990,5/10/1991,5/16/1992,5/22/1993,5/17/1994,5/10/1995,5/27/1996,5/15/1997,5/1/1998,5/13/1999,5/21/2000,5/13/2001,5/1/2002,5/12/2003,5/13/2004,5/25/2005,5/17/2006,5/16/2007,5/5/2008,5/7/2009,5/18/2010,5/18/2011,5/5/2012,5/27/2013,5/11/2014,5/3/2015,5/10/2016,5/7/2017,5/6/2018,5/7/2019,5/9/2020,5/7/2021,5 14,Sargent cherry (Prunus sargentii)
Sapporo,TRUE,5/14/1953,5/8/1954,5/16/1955,5/9/1956,5/13/1957,,5/10/1959,5/9/1960,5/9/1961,5/5/1962,5/5/1963,5/7/1964,5/16/1965,5/11/1966,5/4/1967,5/4/1968,5/10/1969,5/9/1970,5/13/1971,5/1/1972,5/7/1973,5/13/1974,5/8/1975,5/10/1976,5/12/1977,5/13/1978,5/14/1979,5/18/1980,5/8/1981,5/8/1982,5/1/1983,5/21/1984,5/8/1985,5/9/1986,5/9/1987,5/7/1988,5/4/1989,4/29/1990,5/7/1991,5/10/1992,5/10/1993,5/9/1994,5/3/1995,5/12/1996,5/5/1997,4/26/1998,5/8/1999,5/11/2000,5/5/2001,4/25/2002,5/4/2003,5/9/2004,5/16/2005,5/12/2006,5/8/2007,4/25/2008,5/4/2009,5/14/2010,5/12/2011,5/2/2012,5/17/2013,5/1/2014,4/26/2015,5/1/2016,5/3/2017,4/29/2018,4/29/2019,5/2/2020,4/27/2021,5  7,
Iwamizawa,FALSE,5/11/1953,5/9/1954,5/13/1955,5/9/1956,,5/14/1958,,5/15/1960,5/7/1961,5/5/1962,5/12/1963,5/10/1964,5/20/1965,5/17/1966,5/10/1967,5/6/1968,5/13/1969,5/13/1970,5/17/1971,5/6/1972,5/10/1973,5/14/1974,5/11/1975,5/13/1976,5/15/1977,5/14/1978,5/14/1979,5/18/1980,5/9/1981,5/8/1982,4/30/1983,5/20/1984,5/10/1985,5/8/1986,5/9/1987,5/7/1988,5/1/1989,4/30/1990,5/6/1991,5/10/1992,5/9/1993,5/11/1994,5/5/1995,5/9/1996,5/5/1997,4/27/1998,5/7/1999,5/10/2000,5/7/2001,4/25/2002,5/3/2003,5/7/2004,5/13/2005,5/12/2006,,,,,,,,,,,,,,,,-,Sargent cherry (Prunus sargentii)
Obihiro,TRUE,5/19/1953,5/12/1954,5/14/1955,5/9/1956,5/14/1957,5/16/1958,5/5/1959,5/15/1960,5/9/1961,5/7/1962,5/10/1963,5/10/1964,5/17/1965,5/17/1966,5/5/1967,5/5/1968,5/10/1969,5/13/1970,5/16/1971,5/6/1972,5/9/1973,5/12/1974,5/14/1975,5/11/1976,5/13/1977,5/13/1978,5/17/1979,5/16/1980,5/7/1981,5/9/1982,5/3/1983,5/21/1984,5/6/1985,5/8/1986,5/8/1987,5/7/1988,5/7/1989,5/4/1990,5/6/1991,5/9/1992,5/11/1993,5/8/1994,5/7/1995,5/13/1996,5/3/1997,4/26/1998,5/7/1999,5/12/2000,5/1/2001,4/27/2002,5/3/2003,5/8/2004,5/10/2005,5/12/2006,5/8/2007,4/30/2008,5/4/2009,5/11/2010,5/9/2011,5/7/2012,5/16/2013,4/29/2014,4/28/2015,5/3/2016,5/2/2017,4/28/2018,4/30/2019,5/3/2020,4/27/2021,5  7,Sargent cherry (Prunus sargentii)
Kushiro,TRUE,,5/28/1954,5/26/1955,,5/19/1957,5/29/1958,5/20/1959,5/28/1960,5/27/1961,5/10/1962,5/20/1963,5/24/1964,5/25/1965,5/20/1966,5/14/1967,5/23/1968,5/20/1969,5/21/1970,5/24/1971,5/10/1972,5/16/1973,5/20/1974,5/24/1975,5/20/1976,5/31/1977,5/29/1978,6/1/1979,5/28/1980,5/27/1981,5/21/1982,5/16/1983,6/4/1984,5/20/1985,5/19/1986,5/20/1987,5/21/1988,5/20/1989,5/12/1990,5/13/1991,5/20/1992,5/20/1993,5/17/1994,5/18/1995,5/31/1996,5/22/1997,5/18/1998,5/21/1999,5/21/2000,5/21/2001,5/13/2002,5/26/2003,5/19/2004,5/26/2005,5/21/2006,5/20/2007,5/19/2008,5/14/2009,5/22/2010,5/21/2011,5/20/2012,5/25/2013,5/14/2014,5/8/2015,5/13/2016,5/18/2017,5/14/2018,5/13/2019,5/13/2020,5/11/2021,5 20,Sargent cherry (Prunus sargentii)
Nemuro,FALSE,,,,,,,,6/8/1960,5/26/1961,5/20/1962,5/22/1963,5/28/1964,5/28/1965,5/27/1966,5/22/1967,5/28/1968,5/20/1969,5/24/1970,5/29/1971,5/18/1972,5/17/1973,5/21/1974,5/31/1975,5/22/1976,5/31/1977,5/28/1978,6/2/1979,5/30/1980,6/1/1981,5/26/1982,5/20/1983,6/4/1984,5/23/1985,5/25/1986,5/20/1987,5/28/1988,5/26/1989,5/17/1990,5/18/1991,6/2/1992,,5/23/1994,5/22/1995,5/31/1996,5/23/1997,5/17/1998,5/22/1999,5/26/2000,5/24/2001,5/13/2002,5/28/2003,5/19/2004,5/29/2005,5/22/2006,5/23/2007,5/22/2008,5/16/2009,5/24/2010,,,,,,,,,,,,-,Kurile Island Cherry (Cerasus nipponica var. kurilensis)
Muroran,TRUE,5/17/1953,5/13/1954,5/23/1955,5/13/1956,5/14/1957,5/17/1958,4/30/1959,5/14/1960,5/11/1961,5/12/1962,5/10/1963,5/12/1964,5/20/1965,5/20/1966,5/8/1967,5/10/1968,5/12/1969,5/16/1970,5/15/1971,5/8/1972,5/14/1973,5/15/1974,5/11/1975,5/15/1976,5/14/1977,5/16/1978,5/19/1979,5/18/1980,5/10/1981,5/14/1982,5/4/1983,5/30/1984,5/18/1985,5/12/1986,5/13/1987,5/12/1988,5/7/1989,5/2/1990,5/7/1991,5/12/1992,5/9/1993,5/9/1994,5/9/1995,5/20/1996,5/6/1997,5/3/1998,5/13/1999,5/17/2000,5/14/2001,4/28/2002,5/6/2003,5/8/2004,5/20/2005,5/16/2006,5/12/2007,5/2/2008,5/7/2009,5/18/2010,5/13/2011,5/14/2012,5/21/2013,5/5/2014,5/1/2015,5/2/2016,5/4/2017,5/1/2018,5/4/2019,5/5/2020,5/4/2021,5 11,
Urakawa,FALSE,5/14/1953,5/13/1954,5/15/1955,5/11/1956,5/18/1957,5/16/1958,5/5/1959,5/18/1960,5/9/1961,5/8/1962,5/15/1963,5/16/1964,5/23/1965,5/16/1966,5/10/1967,5/14/1968,5/13/1969,5/15/1970,5/18/1971,5/6/1972,5/14/1973,5/16/1974,5/12/1975,5/17/1976,5/16/1977,5/19/1978,5/21/1979,5/21/1980,5/14/1981,5/16/1982,5/8/1983,5/29/1984,5/15/1985,5/14/1986,5/15/1987,5/14/1988,5/12/1989,5/9/1990,5/10/1991,5/16/1992,5/17/1993,5/17/1994,5/11/1995,5/17/1996,5/9/1997,5/7/1998,5/6/1999,5/11/2000,5/13/2001,5/2/2002,5/13/2003,5/14/2004,5/20/2005,5/15/2006,5/10/2007,5/6/2008,5/8/2009,,,,,,,,,,,,,-,Sargent cherry (Prunus sargentii)
Esashi,FALSE,5/15/1953,5/8/1954,5/8/1955,5/9/1956,5/9/1957,5/11/1958,5/6/1959,5/9/1960,5/4/1961,5/4/1962,5/6/1963,5/8/1964,5/20/1965,5/9/1966,5/7/1967,5/5/1968,5/12/1969,5/9/1970,5/16/1971,5/4/1972,5/6/1973,5/14/1974,5/5/1975,5/9/1976,5/14/1977,5/12/1978,5/8/1979,5/16/1980,5/8/1981,5/6/1982,4/27/1983,5/21/1984,5/8/1985,5/8/1986,5/9/1987,5/7/1988,4/27/1989,4/26/1990,5/5/1991,5/2/1992,5/5/1993,,5/1/1995,5/9/1996,5/3/1997,4/24/1998,5/2/1999,5/7/2000,5/4/2001,4/21/2002,5/3/2003,5/5/2004,5/12/2005,5/10/2006,5/6/2007,,,,,,,,,,,,,,,-,
Hakodate,TRUE,5/9/1953,5/7/1954,5/14/1955,5/8/1956,5/12/1957,5/10/1958,5/2/1959,5/10/1960,5/5/1961,5/8/1962,5/8/1963,5/10/1964,5/16/1965,5/11/1966,5/9/1967,5/7/1968,5/8/1969,5/11/1970,5/14/1971,5/4/1972,5/7/1973,5/12/1974,5/7/1975,5/11/1976,5/12/1977,5/10/1978,5/11/1979,5/15/1980,5/6/1981,5/9/1982,4/30/1983,5/27/1984,5/9/1985,5/8/1986,5/8/1987,5/6/1988,5/1/1989,4/26/1990,5/2/1991,5/2/1992,5/2/1993,5/5/1994,5/3/1995,5/11/1996,5/1/1997,4/24/1998,5/2/1999,5/8/2000,5/3/2001,4/21/2002,5/2/2003,4/30/2004,5/5/2005,5/12/2006,5/4/2007,4/26/2008,5/1/2009,5/10/2010,5/6/2011,5/5/2012,5/12/2013,5/1/2014,4/24/2015,4/26/2016,4/30/2017,4/28/2018,4/29/2019,5/1/2020,4/23/2021,5  4,
Kutchan,FALSE,,5/19/1954,5/23/1955,,5/19/1957,5/20/1958,5/6/1959,5/20/1960,5/12/1961,5/12/1962,5/12/1963,5/13/1964,5/23/1965,5/19/1966,5/11/1967,5/13/1968,5/13/1969,5/19/1970,,5/10/1972,5/15/1973,5/18/1974,5/13/1975,5/19/1976,5/22/1977,5/17/1978,5/21/1979,5/23/1980,5/13/1981,5/15/1982,5/4/1983,5/24/1984,5/14/1985,5/16/1986,5/17/1987,5/18/1988,5/9/1989,5/8/1990,5/11/1991,5/15/1992,5/15/1993,5/18/1994,5/10/1995,5/23/1996,5/13/1997,5/4/1998,5/14/1999,5/15/2000,5/12/2001,4/28/2002,5/8/2003,5/9/2004,5/20/2005,5/17/2006,,,,,,,,,,,,,,,,-,"Until 1994 Sargent Cherry, from 1995 to 2006 they were Yoshino Cherry."
Monbetsu,FALSE,,,,5/11/1956,5/18/1957,5/20/1958,5/4/1959,5/17/1960,5/9/1961,5/12/1962,5/11/1963,5/14/1964,5/20/1965,5/20/1966,5/8/1967,5/9/1968,5/10/1969,5/11/1970,5/18/1971,5/7/1972,5/14/1973,5/17/1974,5/24/1975,5/13/1976,5/14/1977,5/11/1978,5/24/1979,5/22/1980,5/13/1981,5/16/1982,5/3/1983,5/28/1984,5/12/1985,5/8/1986,5/9/1987,5/15/1988,5/18/1989,5/7/1990,5/9/1991,5/13/1992,5/20/1993,5/12/1994,5/9/1995,5/29/1996,5/13/1997,5/1/1998,5/18/1999,5/26/2000,5/14/2001,4/30/2002,5/11/2003,5/13/2004,5/26/2005,5/18/2006,5/21/2007,,,,,,,,,,,,,,,-,Sargent cherry (Prunus sargentii)
Hiroo,FALSE,,,,,,5/15/1958,5/3/1959,5/13/1960,5/7/1961,5/8/1962,5/9/1963,5/15/1964,5/20/1965,5/19/1966,5/7/1967,5/10/1968,5/10/1969,5/15/1970,5/16/1971,5/9/1972,5/8/1973,5/15/1974,5/16/1975,5/10/1976,5/13/1977,5/13/1978,5/22/1979,5/20/1980,5/11/1981,5/12/1982,5/3/1983,5/31/1984,5/12/1985,5/11/1986,5/9/1987,5/10/1988,5/11/1989,5/6/1990,5/7/1991,5/15/1992,5/16/1993,5/10/1994,5/8/1995,5/20/1996,5/4/1997,4/30/1998,,,,,,,,,,,,,,,,,,,,,,,,-,Sargent cherry (Prunus sargentii)
Shinjo,FALSE,,,,,,4/28/1958,4/21/1959,4/29/1960,4/28/1961,4/27/1962,4/28/1963,4/24/1964,5/9/1965,4/26/1966,4/26/1967,4/28/1968,4/28/1969,5/3/1970,4/28/1971,4/19/1972,4/25/1973,5/4/1974,4/27/1975,4/30/1976,4/30/1977,5/2/1978,4/25/1979,5/3/1980,5/2/1981,4/26/1982,4/23/1983,5/11/1984,4/29/1985,4/30/1986,4/27/1987,4/30/1988,4/19/1989,4/17/1990,4/22/1991,4/24/1992,4/26/1993,4/25/1994,4/25/1995,4/30/1996,4/28/1997,,,,,,,,,,,,,,,,,,,,,,,,,-,
Aomori,TRUE,,,,5/2/1956,5/7/1957,5/4/1958,4/25/1959,5/1/1960,4/29/1961,4/30/1962,4/26/1963,5/2/1964,5/10/1965,5/5/1966,5/3/1967,5/3/1968,5/4/1969,5/7/1970,5/5/1971,4/29/1972,4/28/1973,5/7/1974,5/1/1975,5/4/1976,5/7/1977,5/4/1978,5/6/1979,5/9/1980,5/1/1981,5/4/1982,4/25/1983,5/18/1984,5/3/1985,5/5/1986,5/1/1987,5/1/1988,4/20/1989,4/23/1990,4/30/1991,4/27/1992,4/28/1993,4/27/1994,4/28/1995,5/3/1996,4/27/1997,4/20/1998,4/30/1999,5/3/2000,4/27/2001,4/16/2002,4/27/2003,4/21/2004,5/2/2005,5/6/2006,4/29/2007,4/21/2008,4/22/2009,5/2/2010,4/28/2011,5/1/2012,5/6/2013,4/25/2014,4/19/2015,4/21/2016,4/21/2017,4/22/2018,4/22/2019,4/21/2020,4/17/2021,4 29,
Hachinohe,FALSE,5/2/1953,4/26/1954,4/26/1955,4/27/1956,5/1/1957,4/27/1958,4/23/1959,5/1/1960,4/26/1961,4/26/1962,4/25/1963,5/2/1964,5/9/1965,4/30/1966,4/28/1967,4/29/1968,4/30/1969,5/7/1970,4/26/1971,4/28/1972,4/22/1973,5/1/1974,4/28/1975,4/28/1976,5/2/1977,5/1/1978,5/5/1979,5/5/1980,4/28/1981,5/1/1982,4/23/1983,5/23/1984,5/1/1985,5/2/1986,4/28/1987,4/30/1988,4/19/1989,4/18/1990,4/25/1991,4/24/1992,4/26/1993,4/26/1994,4/25/1995,5/2/1996,4/28/1997,4/19/1998,4/27/1999,4/30/2000,4/24/2001,4/16/2002,4/25/2003,4/19/2004,4/29/2005,5/2/2006,4/29/2007,,,,,,,,,,,,,,,-,
Akita,TRUE,4/29/1953,4/22/1954,4/23/1955,4/26/1956,4/29/1957,4/29/1958,4/17/1959,4/27/1960,4/23/1961,4/24/1962,4/21/1963,4/23/1964,5/8/1965,4/25/1966,4/28/1967,4/24/1968,4/29/1969,5/1/1970,4/29/1971,4/22/1972,4/23/1973,4/30/1974,4/25/1975,4/28/1976,4/27/1977,4/30/1978,4/25/1979,4/28/1980,4/27/1981,4/24/1982,4/19/1983,5/5/1984,4/23/1985,4/25/1986,4/21/1987,4/28/1988,4/15/1989,4/13/1990,4/22/1991,4/22/1992,4/24/1993,4/24/1994,4/23/1995,4/30/1996,4/22/1997,4/16/1998,4/20/1999,4/25/2000,4/18/2001,4/12/2002,4/21/2003,4/16/2004,4/28/2005,4/26/2006,4/23/2007,4/15/2008,4/19/2009,4/28/2010,4/27/2011,4/26/2012,4/29/2013,4/24/2014,4/15/2015,4/19/2016,4/19/2017,4/20/2018,4/20/2019,4/15/2020,4/7/2021,4 22,
Morioka,TRUE,5/3/1953,4/26/1954,4/27/1955,4/28/1956,5/2/1957,4/29/1958,4/21/1959,4/29/1960,4/25/1961,4/25/1962,4/21/1963,4/23/1964,5/8/1965,4/25/1966,4/28/1967,4/23/1968,4/29/1969,5/1/1970,4/28/1971,4/25/1972,4/23/1973,5/2/1974,4/28/1975,5/1/1976,5/1/1977,5/2/1978,4/28/1979,5/4/1980,4/28/1981,4/26/1982,4/22/1983,5/9/1984,4/29/1985,5/1/1986,4/30/1987,4/30/1988,4/18/1989,4/21/1990,4/24/1991,4/26/1992,4/27/1993,4/25/1994,4/28/1995,5/1/1996,4/28/1997,4/16/1998,4/23/1999,4/29/2000,4/18/2001,4/16/2002,4/21/2003,4/17/2004,4/27/2005,4/30/2006,4/29/2007,4/17/2008,4/18/2009,5/2/2010,4/29/2011,4/28/2012,5/2/2013,4/21/2014,4/16/2015,4/18/2016,4/24/2017,4/20/2018,4/22/2019,4/20/2020,4/13/2021,4 25,
Miyako,FALSE,4/29/1953,4/20/1954,4/16/1955,4/23/1956,4/23/1957,4/24/1958,4/19/1959,4/26/1960,4/22/1961,4/21/1962,4/18/1963,4/24/1964,5/4/1965,4/25/1966,4/26/1967,4/22/1968,4/26/1969,5/3/1970,4/22/1971,4/25/1972,4/21/1973,4/28/1974,4/26/1975,4/26/1976,4/28/1977,5/1/1978,4/25/1979,4/30/1980,4/25/1981,4/25/1982,4/21/1983,5/19/1984,4/26/1985,4/28/1986,4/22/1987,4/27/1988,4/17/1989,4/15/1990,4/21/1991,4/24/1992,4/23/1993,4/22/1994,4/25/1995,4/28/1996,4/26/1997,4/19/1998,4/20/1999,4/27/2000,4/17/2001,4/13/2002,4/19/2003,4/14/2004,4/24/2005,4/28/2006,4/27/2007,,,,,,,,,,,,,,,-,
Sakata,FALSE,4/22/1953,4/18/1954,4/15/1955,4/21/1956,4/23/1957,4/22/1958,4/12/1959,4/21/1960,4/20/1961,4/22/1962,4/18/1963,4/18/1964,5/2/1965,4/21/1966,4/20/1967,4/19/1968,4/25/1969,4/27/1970,4/24/1971,4/19/1972,4/21/1973,4/26/1974,4/20/1975,4/22/1976,4/20/1977,4/25/1978,4/21/1979,4/24/1980,4/22/1981,4/19/1982,4/18/1983,5/1/1984,4/19/1985,4/23/1986,4/18/1987,4/26/1988,4/11/1989,4/11/1990,4/17/1991,4/16/1992,4/20/1993,4/19/1994,4/20/1995,4/25/1996,4/18/1997,4/13/1998,4/18/1999,4/22/2000,4/15/2001,4/8/2002,4/16/2003,4/12/2004,4/25/2005,4/21/2006,4/19/2007,4/13/2008,4/14/2009,,,,,,,,,,,,,-,
Yamagata,TRUE,4/27/1953,4/18/1954,4/15/1955,4/21/1956,4/27/1957,4/23/1958,4/16/1959,4/24/1960,4/21/1961,4/22/1962,4/17/1963,4/17/1964,5/2/1965,4/22/1966,4/24/1967,4/21/1968,4/24/1969,4/28/1970,4/23/1971,4/17/1972,4/21/1973,4/28/1974,4/22/1975,4/23/1976,4/22/1977,4/27/1978,4/20/1979,4/27/1980,4/26/1981,4/21/1982,4/18/1983,5/4/1984,4/22/1985,4/24/1986,4/18/1987,4/27/1988,4/13/1989,4/12/1990,4/17/1991,4/16/1992,4/20/1993,4/18/1994,4/21/1995,4/25/1996,4/19/1997,4/13/1998,4/18/1999,4/24/2000,4/15/2001,4/6/2002,4/17/2003,4/13/2004,4/23/2005,4/23/2006,4/19/2007,4/16/2008,4/13/2009,4/25/2010,4/25/2011,4/26/2012,4/19/2013,4/17/2014,4/15/2015,4/10/2016,4/17/2017,4/11/2018,4/17/2019,4/9/2020,4/5/2021,4 19,
Sendai,TRUE,4/17/1953,4/12/1954,4/16/1955,4/19/1956,4/21/1957,4/15/1958,4/10/1959,4/17/1960,4/16/1961,4/21/1962,4/18/1963,4/19/1964,4/25/1965,4/18/1966,4/18/1967,4/14/1968,4/20/1969,4/25/1970,4/17/1971,4/16/1972,4/18/1973,4/24/1974,4/18/1975,4/19/1976,4/19/1977,4/25/1978,4/12/1979,4/20/1980,4/18/1981,4/16/1982,4/18/1983,5/3/1984,4/23/1985,4/24/1986,4/17/1987,4/21/1988,4/6/1989,4/8/1990,4/15/1991,4/15/1992,4/16/1993,4/15/1994,4/17/1995,4/24/1996,4/11/1997,4/11/1998,4/13/1999,4/18/2000,4/13/2001,4/3/2002,4/14/2003,4/10/2004,4/17/2005,4/18/2006,4/12/2007,4/11/2008,4/10/2009,4/21/2010,4/15/2011,4/23/2012,4/15/2013,4/11/2014,4/9/2015,4/6/2016,4/13/2017,4/4/2018,4/10/2019,4/3/2020,3/31/2021,4 16,
Fukushima,TRUE,4/11/1953,4/9/1954,4/11/1955,4/16/1956,4/19/1957,4/9/1958,4/8/1959,4/14/1960,4/14/1961,4/16/1962,4/13/1963,4/13/1964,4/24/1965,4/14/1966,4/14/1967,4/11/1968,4/14/1969,4/21/1970,4/14/1971,4/11/1972,4/14/1973,4/22/1974,4/15/1975,4/16/1976,4/15/1977,4/22/1978,4/11/1979,4/16/1980,4/15/1981,4/13/1982,4/14/1983,4/28/1984,4/19/1985,4/22/1986,4/10/1987,4/20/1988,4/6/1989,4/7/1990,4/12/1991,4/10/1992,4/16/1993,4/13/1994,4/15/1995,4/23/1996,4/10/1997,4/10/1998,4/11/1999,4/17/2000,4/10/2001,4/2/2002,4/12/2003,4/8/2004,4/16/2005,4/15/2006,4/9/2007,4/11/2008,4/9/2009,4/13/2010,4/15/2011,4/20/2012,4/8/2013,4/11/2014,4/6/2015,4/3/2016,4/12/2017,4/2/2018,4/8/2019,4/1/2020,3/29/2021,4 13,
Shirakawa,FALSE,4/26/1953,4/15/1954,4/15/1955,4/19/1956,4/21/1957,4/21/1958,4/15/1959,4/19/1960,4/20/1961,4/22/1962,4/18/1963,4/16/1964,4/30/1965,4/20/1966,4/20/1967,4/21/1968,4/23/1969,4/28/1970,4/20/1971,4/19/1972,4/18/1973,4/26/1974,4/20/1975,4/22/1976,4/19/1977,4/28/1978,4/18/1979,4/26/1980,4/21/1981,4/19/1982,4/18/1983,5/2/1984,4/21/1985,4/25/1986,4/16/1987,4/25/1988,4/14/1989,4/10/1990,4/16/1991,4/16/1992,4/22/1993,4/18/1994,4/22/1995,4/26/1996,4/14/1997,,,,,,,,,,,,,,,,,,,,,,,,,-,
Onahama,FALSE,4/13/1953,4/6/1954,4/10/1955,4/16/1956,4/17/1957,4/13/1958,4/6/1959,4/14/1960,4/14/1961,4/16/1962,4/16/1963,4/13/1964,4/22/1965,4/11/1966,4/9/1967,4/12/1968,4/16/1969,4/21/1970,4/15/1971,4/11/1972,4/12/1973,4/19/1974,4/15/1975,4/13/1976,4/14/1977,4/21/1978,4/9/1979,4/20/1980,4/16/1981,4/11/1982,4/16/1983,4/29/1984,4/17/1985,4/21/1986,4/10/1987,4/16/1988,4/5/1989,4/3/1990,4/15/1991,4/8/1992,4/16/1993,4/12/1994,4/12/1995,4/15/1996,4/8/1997,4/11/1998,4/9/1999,4/12/2000,4/9/2001,4/1/2002,4/13/2003,4/8/2004,4/16/2005,4/11/2006,4/5/2007,4/5/2008,,,,,,,,,,,,,,-,
Wajima,FALSE,4/16/1953,4/11/1954,4/10/1955,4/16/1956,4/21/1957,4/15/1958,4/5/1959,4/11/1960,4/14/1961,4/15/1962,4/14/1963,4/14/1964,4/22/1965,4/14/1966,4/14/1967,4/17/1968,4/20/1969,4/23/1970,4/16/1971,4/14/1972,4/14/1973,4/19/1974,4/17/1975,4/19/1976,4/14/1977,4/19/1978,4/10/1979,4/15/1980,4/14/1981,4/11/1982,4/15/1983,4/28/1984,4/19/1985,4/18/1986,4/11/1987,4/20/1988,4/7/1989,4/7/1990,4/16/1991,4/9/1992,4/16/1993,4/15/1994,4/16/1995,4/22/1996,4/11/1997,4/9/1998,4/12/1999,4/17/2000,4/10/2001,4/2/2002,4/12/2003,4/6/2004,4/15/2005,4/15/2006,4/15/2007,4/11/2008,4/12/2009,4/14/2010,,,,,,,,,,,,-,
Aikawa,FALSE,4/20/1953,4/11/1954,4/12/1955,4/17/1956,4/22/1957,4/17/1958,4/9/1959,4/14/1960,4/15/1961,4/14/1962,4/17/1963,4/17/1964,4/28/1965,4/21/1966,4/18/1967,4/17/1968,4/23/1969,4/25/1970,4/20/1971,4/16/1972,4/16/1973,4/23/1974,4/19/1975,4/20/1976,4/17/1977,4/22/1978,4/13/1979,4/20/1980,4/19/1981,4/16/1982,4/16/1983,4/30/1984,4/19/1985,4/22/1986,4/20/1987,4/27/1988,4/13/1989,4/12/1990,4/20/1991,4/16/1992,4/22/1993,4/19/1994,4/19/1995,4/26/1996,4/17/1997,4/12/1998,4/16/1999,4/21/2000,4/14/2001,4/8/2002,4/17/2003,4/11/2004,4/22/2005,4/17/2006,4/15/2007,,,,,,,,,,,,,,,-,
Niigata,TRUE,4/20/1953,4/15/1954,4/13/1955,4/19/1956,4/24/1957,4/21/1958,4/12/1959,4/18/1960,4/19/1961,4/18/1962,4/16/1963,4/14/1964,4/24/1965,4/18/1966,4/16/1967,4/15/1968,4/21/1969,4/24/1970,4/17/1971,4/14/1972,4/14/1973,4/23/1974,4/17/1975,4/20/1976,4/16/1977,4/21/1978,4/11/1979,4/21/1980,4/18/1981,4/14/1982,4/16/1983,4/29/1984,4/15/1985,4/21/1986,4/15/1987,4/20/1988,4/7/1989,4/6/1990,4/15/1991,4/9/1992,4/16/1993,4/15/1994,4/15/1995,4/22/1996,4/11/1997,4/10/1998,4/12/1999,4/18/2000,4/11/2001,4/4/2002,4/13/2003,4/9/2004,4/20/2005,4/16/2006,4/13/2007,4/9/2008,4/13/2009,4/17/2010,4/18/2011,4/20/2012,4/12/2013,4/12/2014,4/9/2015,4/7/2016,4/13/2017,4/5/2018,4/12/2019,4/7/2020,3/31/2021,4 14,
Kanazawa,TRUE,4/10/1953,4/5/1954,4/8/1955,4/15/1956,4/16/1957,4/8/1958,4/1/1959,4/5/1960,4/10/1961,4/11/1962,4/14/1963,4/13/1964,4/18/1965,4/10/1966,4/9/1967,4/13/1968,4/13/1969,4/19/1970,4/12/1971,4/7/1972,4/10/1973,4/14/1974,4/12/1975,4/14/1976,4/11/1977,4/15/1978,4/7/1979,4/10/1980,4/13/1981,4/6/1982,4/11/1983,4/20/1984,4/11/1985,4/14/1986,4/6/1987,4/17/1988,4/2/1989,4/2/1990,4/11/1991,4/7/1992,4/16/1993,4/14/1994,4/12/1995,4/17/1996,4/8/1997,4/7/1998,4/7/1999,4/12/2000,4/7/2001,4/1/2002,4/9/2003,4/1/2004,4/11/2005,4/12/2006,4/9/2007,4/6/2008,4/10/2009,4/6/2010,4/12/2011,4/13/2012,4/5/2013,4/7/2014,4/4/2015,4/4/2016,4/8/2017,4/3/2018,4/6/2019,4/1/2020,3/29/2021,4 10,
Toyama,TRUE,4/12/1953,4/8/1954,4/10/1955,4/15/1956,4/20/1957,4/11/1958,4/6/1959,4/9/1960,4/13/1961,4/13/1962,4/14/1963,4/14/1964,4/22/1965,4/15/1966,4/13/1967,4/13/1968,4/15/1969,4/19/1970,4/13/1971,4/13/1972,4/11/1973,4/17/1974,4/14/1975,4/12/1976,4/14/1977,4/18/1978,4/7/1979,4/13/1980,4/14/1981,4/6/1982,4/13/1983,4/24/1984,4/14/1985,4/15/1986,4/8/1987,4/18/1988,4/3/1989,4/4/1990,4/15/1991,4/10/1992,4/16/1993,4/15/1994,4/11/1995,4/17/1996,4/7/1997,4/5/1998,4/6/1999,4/14/2000,4/9/2001,4/1/2002,4/11/2003,4/1/2004,4/12/2005,4/12/2006,4/8/2007,4/6/2008,4/8/2009,4/6/2010,4/11/2011,4/16/2012,4/6/2013,4/8/2014,4/4/2015,4/1/2016,4/8/2017,3/30/2018,4/5/2019,4/3/2020,3/28/2021,4 10,
Nagano,TRUE,4/24/1953,4/13/1954,4/13/1955,4/17/1956,4/23/1957,4/19/1958,4/12/1959,4/23/1960,4/20/1961,4/22/1962,4/18/1963,4/17/1964,5/3/1965,4/23/1966,4/21/1967,4/21/1968,4/22/1969,4/28/1970,4/20/1971,4/17/1972,4/20/1973,4/22/1974,4/19/1975,4/20/1976,4/18/1977,4/25/1978,4/11/1979,4/22/1980,4/23/1981,4/19/1982,4/16/1983,4/29/1984,4/18/1985,4/23/1986,4/16/1987,4/25/1988,4/11/1989,4/11/1990,4/15/1991,4/16/1992,4/21/1993,4/18/1994,4/21/1995,4/26/1996,4/16/1997,4/13/1998,4/13/1999,4/22/2000,4/13/2001,4/5/2002,4/18/2003,4/11/2004,4/19/2005,4/20/2006,4/14/2007,4/16/2008,4/12/2009,4/13/2010,4/21/2011,4/21/2012,4/15/2013,4/17/2014,4/10/2015,4/8/2016,4/17/2017,4/6/2018,4/18/2019,4/13/2020,4/1/2021,4 17,
Takada,FALSE,4/17/1953,4/10/1954,4/10/1955,4/16/1956,4/21/1957,4/15/1958,4/8/1959,4/12/1960,4/15/1961,4/13/1962,4/14/1963,4/12/1964,4/22/1965,4/16/1966,4/12/1967,4/16/1968,4/17/1969,4/26/1970,4/14/1971,4/11/1972,4/14/1973,4/19/1974,4/14/1975,4/16/1976,4/16/1977,4/19/1978,4/6/1979,4/19/1980,4/20/1981,4/11/1982,4/13/1983,4/30/1984,4/18/1985,4/21/1986,4/10/1987,4/20/1988,4/6/1989,4/6/1990,4/13/1991,4/11/1992,4/17/1993,4/15/1994,4/13/1995,4/19/1996,4/10/1997,4/8/1998,4/11/1999,4/14/2000,4/10/2001,4/3/2002,4/13/2003,4/5/2004,4/14/2005,4/15/2006,4/12/2007,,,,,,,,,,,,,,,-,
Utsunomiya,TRUE,4/12/1953,4/7/1954,4/8/1955,4/15/1956,4/14/1957,4/11/1958,4/6/1959,4/8/1960,4/10/1961,4/12/1962,4/12/1963,4/11/1964,4/16/1965,4/7/1966,4/9/1967,4/9/1968,4/13/1969,4/19/1970,4/10/1971,4/5/1972,4/8/1973,4/12/1974,4/11/1975,4/11/1976,4/8/1977,4/16/1978,4/4/1979,4/13/1980,4/12/1981,4/7/1982,4/12/1983,4/24/1984,4/11/1985,4/16/1986,4/8/1987,4/15/1988,4/6/1989,4/2/1990,4/9/1991,4/4/1992,4/11/1993,4/8/1994,4/10/1995,4/15/1996,4/4/1997,4/6/1998,4/5/1999,4/12/2000,4/6/2001,3/25/2002,4/7/2003,3/31/2004,4/9/2005,4/4/2006,4/4/2007,4/3/2008,4/6/2009,4/8/2010,4/12/2011,4/12/2012,3/29/2013,4/4/2014,4/2/2015,4/4/2016,4/9/2017,3/29/2018,4/9/2019,4/3/2020,3/31/2021,4  8,
Fukui,TRUE,4/12/1953,4/6/1954,4/9/1955,4/14/1956,4/17/1957,4/7/1958,4/4/1959,4/5/1960,4/10/1961,4/12/1962,4/12/1963,4/12/1964,4/19/1965,4/9/1966,4/7/1967,4/11/1968,4/13/1969,4/19/1970,4/13/1971,4/10/1972,4/9/1973,4/12/1974,4/12/1975,4/10/1976,4/13/1977,4/15/1978,4/6/1979,4/11/1980,4/13/1981,4/5/1982,4/10/1983,4/21/1984,4/11/1985,4/14/1986,4/7/1987,4/18/1988,4/1/1989,4/1/1990,4/10/1991,4/5/1992,4/14/1993,4/11/1994,4/9/1995,4/14/1996,4/4/1997,4/4/1998,4/2/1999,4/13/2000,4/8/2001,3/31/2002,4/7/2003,4/1/2004,4/12/2005,4/12/2006,4/9/2007,4/6/2008,4/7/2009,4/6/2010,4/13/2011,4/13/2012,4/2/2013,4/3/2014,4/3/2015,3/31/2016,4/7/2017,4/2/2018,4/5/2019,3/31/2020,3/27/2021,4  9,
Takayama,FALSE,4/27/1953,4/21/1954,4/14/1955,4/24/1956,4/24/1957,4/17/1958,4/13/1959,4/15/1960,4/19/1961,4/20/1962,4/20/1963,4/14/1964,5/1/1965,4/21/1966,4/18/1967,4/22/1968,4/21/1969,4/30/1970,4/18/1971,4/17/1972,4/17/1973,4/24/1974,4/21/1975,4/21/1976,4/19/1977,4/28/1978,4/13/1979,4/22/1980,4/27/1981,4/23/1982,4/18/1983,5/2/1984,4/20/1985,4/24/1986,4/19/1987,4/26/1988,4/16/1989,4/14/1990,4/17/1991,4/15/1992,4/26/1993,4/22/1994,4/24/1995,4/30/1996,4/20/1997,4/13/1998,4/17/1999,4/24/2000,4/17/2001,4/9/2002,4/20/2003,4/13/2004,4/19/2005,,,,,,,,,,,,,,,,,-,
Matsumoto,FALSE,4/20/1953,4/11/1954,4/13/1955,4/16/1956,4/20/1957,4/19/1958,4/10/1959,4/14/1960,4/16/1961,4/23/1962,4/17/1963,4/16/1964,5/1/1965,4/19/1966,4/20/1967,4/20/1968,4/21/1969,4/27/1970,4/19/1971,4/17/1972,4/18/1973,4/23/1974,4/19/1975,4/17/1976,4/15/1977,4/23/1978,4/10/1979,4/19/1980,4/20/1981,4/16/1982,4/16/1983,4/27/1984,4/19/1985,4/22/1986,4/11/1987,4/22/1988,4/10/1989,4/11/1990,4/14/1991,4/11/1992,4/18/1993,4/18/1994,4/18/1995,4/25/1996,4/10/1997,4/11/1998,4/12/1999,4/18/2000,4/10/2001,4/3/2002,4/17/2003,4/7/2004,4/14/2005,4/18/2006,4/9/2007,,,,,,,,,,,,,,,-,
Maebashi,TRUE,4/17/1953,4/4/1954,4/10/1955,4/13/1956,4/14/1957,4/9/1958,4/4/1959,4/8/1960,4/8/1961,4/10/1962,4/9/1963,4/10/1964,4/16/1965,4/7/1966,4/5/1967,4/9/1968,4/13/1969,4/17/1970,4/10/1971,4/6/1972,4/9/1973,4/11/1974,4/10/1975,4/7/1976,4/4/1977,4/15/1978,4/6/1979,4/12/1980,4/8/1981,4/3/1982,4/10/1983,4/21/1984,4/11/1985,4/14/1986,4/4/1987,4/13/1988,4/2/1989,3/30/1990,4/8/1991,4/2/1992,4/4/1993,4/7/1994,4/11/1995,4/10/1996,4/3/1997,4/1/1998,4/4/1999,4/10/2000,4/4/2001,3/28/2002,4/8/2003,3/31/2004,4/8/2005,4/4/2006,4/7/2007,3/31/2008,4/8/2009,4/6/2010,4/11/2011,4/12/2012,4/1/2013,4/3/2014,4/1/2015,4/1/2016,4/7/2017,3/28/2018,4/7/2019,3/26/2020,3/28/2021,4  6,
Kumagaya,TRUE,4/9/1953,4/5/1954,4/8/1955,4/13/1956,4/12/1957,4/9/1958,4/4/1959,4/7/1960,4/8/1961,4/10/1962,4/11/1963,4/8/1964,4/13/1965,4/7/1966,4/5/1967,4/6/1968,4/13/1969,4/16/1970,4/8/1971,4/3/1972,4/9/1973,4/12/1974,4/11/1975,4/10/1976,4/3/1977,4/11/1978,4/3/1979,4/12/1980,4/7/1981,4/3/1982,4/10/1983,4/20/1984,4/9/1985,4/12/1986,4/4/1987,4/13/1988,4/4/1989,4/1/1990,4/8/1991,4/1/1992,4/4/1993,4/6/1994,4/9/1995,4/9/1996,4/4/1997,4/7/1998,4/5/1999,4/8/2000,4/3/2001,3/22/2002,4/4/2003,3/31/2004,4/8/2005,4/3/2006,4/1/2007,3/29/2008,4/5/2009,4/6/2010,4/8/2011,4/10/2012,3/26/2013,4/1/2014,3/30/2015,4/1/2016,4/7/2017,3/26/2018,4/4/2019,3/25/2020,3/29/2021,4  5,
Mito,TRUE,4/9/1953,4/6/1954,4/8/1955,4/15/1956,4/14/1957,4/11/1958,4/6/1959,4/10/1960,4/10/1961,4/15/1962,4/13/1963,4/11/1964,4/16/1965,4/8/1966,4/7/1967,4/10/1968,4/13/1969,4/21/1970,4/12/1971,4/5/1972,4/8/1973,4/14/1974,4/12/1975,4/13/1976,4/11/1977,4/16/1978,4/6/1979,4/14/1980,4/15/1981,4/8/1982,4/14/1983,4/27/1984,4/14/1985,4/16/1986,4/5/1987,4/14/1988,4/3/1989,3/30/1990,4/10/1991,4/6/1992,4/14/1993,4/7/1994,4/11/1995,4/14/1996,4/2/1997,4/8/1998,4/5/1999,4/8/2000,4/5/2001,3/28/2002,4/9/2003,3/31/2004,4/9/2005,4/4/2006,4/2/2007,4/3/2008,4/8/2009,4/7/2010,4/12/2011,4/12/2012,4/1/2013,4/2/2014,4/4/2015,4/6/2016,4/10/2017,3/28/2018,4/5/2019,3/31/2020,3/30/2021,4  8,
Tsuruga,FALSE,4/10/1953,4/5/1954,4/6/1955,4/11/1956,4/16/1957,4/8/1958,4/2/1959,4/3/1960,4/12/1961,4/10/1962,4/11/1963,4/11/1964,4/19/1965,4/5/1966,4/7/1967,4/11/1968,4/13/1969,4/17/1970,4/11/1971,4/9/1972,4/10/1973,4/12/1974,4/12/1975,4/8/1976,4/11/1977,4/15/1978,4/4/1979,4/11/1980,4/12/1981,4/5/1982,4/10/1983,4/18/1984,4/11/1985,4/14/1986,4/7/1987,4/16/1988,4/1/1989,3/30/1990,4/8/1991,4/3/1992,4/11/1993,4/8/1994,4/8/1995,4/14/1996,4/4/1997,4/4/1998,4/1/1999,4/12/2000,4/7/2001,3/31/2002,4/6/2003,4/3/2004,4/10/2005,,,,,,,,,,,,,,,,,-,
Gifu,TRUE,4/9/1953,4/5/1954,4/1/1955,4/7/1956,4/12/1957,4/8/1958,4/3/1959,4/3/1960,4/7/1961,4/12/1962,4/9/1963,4/9/1964,4/16/1965,4/6/1966,4/5/1967,4/9/1968,4/11/1969,4/15/1970,4/7/1971,4/5/1972,4/8/1973,4/10/1974,4/8/1975,4/2/1976,4/2/1977,4/11/1978,4/5/1979,4/7/1980,4/7/1981,3/30/1982,4/7/1983,4/16/1984,4/5/1985,4/7/1986,4/6/1987,4/10/1988,3/29/1989,3/27/1990,4/6/1991,3/31/1992,4/5/1993,4/5/1994,4/5/1995,4/8/1996,3/30/1997,3/31/1998,4/1/1999,4/10/2000,4/6/2001,3/27/2002,3/31/2003,4/1/2004,4/8/2005,4/5/2006,4/2/2007,3/29/2008,4/1/2009,3/31/2010,4/4/2011,4/6/2012,3/29/2013,3/31/2014,3/30/2015,3/31/2016,4/4/2017,3/26/2018,4/2/2019,4/1/2020,3/27/2021,4  4,
Nagoya,TRUE,4/12/1953,4/4/1954,4/3/1955,4/9/1956,4/13/1957,4/7/1958,3/30/1959,4/4/1960,4/6/1961,4/12/1962,4/6/1963,4/7/1964,4/16/1965,4/3/1966,4/5/1967,4/5/1968,4/7/1969,4/12/1970,4/5/1971,4/2/1972,4/8/1973,4/8/1974,4/7/1975,4/1/1976,4/2/1977,4/11/1978,4/7/1979,4/6/1980,4/5/1981,3/31/1982,4/6/1983,4/15/1984,4/6/1985,4/6/1986,4/6/1987,4/10/1988,3/30/1989,3/27/1990,4/5/1991,3/31/1992,4/4/1993,4/5/1994,4/6/1995,4/6/1996,3/30/1997,3/30/1998,4/1/1999,4/8/2000,4/3/2001,3/28/2002,3/31/2003,4/3/2004,4/8/2005,4/6/2006,4/2/2007,3/29/2008,4/3/2009,4/2/2010,4/6/2011,4/6/2012,3/28/2013,3/31/2014,3/30/2015,3/31/2016,4/6/2017,3/27/2018,4/4/2019,4/1/2020,3/28/2021,4  3,
Iida,FALSE,4/12/1953,4/7/1954,4/7/1955,4/12/1956,4/16/1957,4/7/1958,3/31/1959,4/5/1960,4/13/1961,4/17/1962,4/14/1963,4/12/1964,4/20/1965,4/12/1966,4/14/1967,4/13/1968,4/13/1969,4/22/1970,4/12/1971,4/14/1972,4/10/1973,4/16/1974,4/14/1975,4/13/1976,4/11/1977,4/19/1978,4/10/1979,4/13/1980,4/13/1981,4/8/1982,4/12/1983,4/21/1984,4/9/1985,4/16/1986,4/8/1987,4/17/1988,4/5/1989,4/2/1990,4/9/1991,4/3/1992,4/12/1993,4/11/1994,4/12/1995,4/18/1996,4/6/1997,4/5/1998,4/8/1999,4/16/2000,4/9/2001,4/1/2002,4/12/2003,4/7/2004,4/12/2005,4/12/2006,,,,,,,,,,,,,,,,-,
Kofu,TRUE,4/8/1953,4/4/1954,4/3/1955,4/7/1956,4/9/1957,4/5/1958,3/30/1959,3/31/1960,4/6/1961,4/8/1962,4/6/1963,4/5/1964,4/12/1965,4/2/1966,4/4/1967,4/6/1968,4/9/1969,4/12/1970,4/2/1971,3/31/1972,4/5/1973,4/6/1974,4/6/1975,3/31/1976,4/1/1977,4/10/1978,4/1/1979,4/5/1980,4/6/1981,4/1/1982,4/8/1983,4/16/1984,4/6/1985,4/12/1986,4/5/1987,4/11/1988,4/1/1989,3/26/1990,4/5/1991,4/1/1992,4/2/1993,4/4/1994,4/7/1995,4/8/1996,3/30/1997,3/30/1998,3/28/1999,4/7/2000,4/2/2001,3/22/2002,4/1/2003,3/31/2004,4/7/2005,3/29/2006,3/30/2007,3/28/2008,3/31/2009,3/28/2010,4/8/2011,4/7/2012,3/26/2013,4/4/2014,3/31/2015,4/3/2016,4/9/2017,3/29/2018,4/7/2019,4/2/2020,3/29/2021,4  3,
Choshi,TRUE,4/5/1953,4/5/1954,4/4/1955,4/11/1956,4/9/1957,4/7/1958,4/2/1959,3/30/1960,4/8/1961,4/8/1962,4/11/1963,4/13/1964,4/17/1965,4/5/1966,4/6/1967,4/4/1968,4/11/1969,4/17/1970,4/8/1971,4/7/1972,4/8/1973,4/7/1974,4/10/1975,4/7/1976,4/2/1977,4/16/1978,4/6/1979,4/14/1980,4/13/1981,4/3/1982,4/13/1983,4/23/1984,4/9/1985,4/16/1986,4/6/1987,4/11/1988,4/2/1989,4/2/1990,4/10/1991,4/3/1992,4/14/1993,4/11/1994,4/9/1995,4/8/1996,4/6/1997,4/9/1998,4/3/1999,4/11/2000,4/2/2001,3/29/2002,4/4/2003,4/6/2004,4/10/2005,4/1/2006,4/5/2007,4/2/2008,4/7/2009,4/8/2010,4/12/2011,4/11/2012,3/28/2013,4/4/2014,4/6/2015,4/6/2016,4/10/2017,3/28/2018,4/5/2019,4/3/2020,3/28/2021,4  8,
Tsu,TRUE,4/12/1953,4/4/1954,4/5/1955,4/9/1956,4/13/1957,4/13/1958,4/1/1959,4/9/1960,4/9/1961,4/13/1962,4/10/1963,4/10/1964,4/17/1965,4/4/1966,4/5/1967,4/8/1968,4/11/1969,4/16/1970,4/7/1971,4/8/1972,4/13/1973,4/11/1974,4/9/1975,4/4/1976,4/4/1977,4/14/1978,4/9/1979,4/7/1980,4/5/1981,3/31/1982,4/8/1983,4/18/1984,4/6/1985,4/8/1986,4/6/1987,4/11/1988,4/1/1989,3/30/1990,4/7/1991,4/2/1992,4/7/1993,4/7/1994,4/10/1995,4/11/1996,4/4/1997,3/31/1998,4/3/1999,4/9/2000,4/4/2001,3/27/2002,4/2/2003,4/1/2004,4/8/2005,4/6/2006,4/1/2007,4/1/2008,4/2/2009,4/1/2010,4/5/2011,4/8/2012,3/30/2013,4/1/2014,3/31/2015,4/2/2016,4/5/2017,3/29/2018,4/3/2019,3/31/2020,3/25/2021,4  5,
Hamamatsu,FALSE,4/8/1953,4/3/1954,4/2/1955,,4/10/1957,4/6/1958,4/3/1959,4/6/1960,4/8/1961,4/12/1962,4/7/1963,4/6/1964,4/13/1965,4/5/1966,4/3/1967,4/5/1968,4/7/1969,4/8/1970,4/3/1971,4/3/1972,4/6/1973,4/2/1974,4/6/1975,3/31/1976,3/30/1977,4/10/1978,4/5/1979,4/8/1980,4/5/1981,3/30/1982,4/6/1983,4/12/1984,4/3/1985,4/7/1986,4/5/1987,4/12/1988,4/1/1989,4/1/1990,4/6/1991,4/2/1992,4/6/1993,4/8/1994,4/8/1995,4/4/1996,4/1/1997,4/3/1998,4/1/1999,4/9/2000,4/4/2001,3/26/2002,3/29/2003,4/3/2004,4/8/2005,,,,,,,,,,,,,,,,,-,
Shizuoka,TRUE,4/2/1953,4/3/1954,3/30/1955,4/3/1956,4/7/1957,4/4/1958,3/29/1959,4/5/1960,4/6/1961,4/9/1962,4/6/1963,4/5/1964,4/10/1965,3/30/1966,4/2/1967,4/4/1968,4/7/1969,4/10/1970,4/7/1971,4/6/1972,4/6/1973,4/5/1974,4/6/1975,3/30/1976,3/28/1977,4/10/1978,4/5/1979,4/7/1980,4/3/1981,3/29/1982,4/10/1983,4/12/1984,4/4/1985,4/6/1986,4/5/1987,4/12/1988,4/2/1989,4/2/1990,4/10/1991,4/4/1992,4/9/1993,4/9/1994,4/8/1995,4/2/1996,3/30/1997,3/31/1998,4/1/1999,4/6/2000,4/2/2001,3/22/2002,3/28/2003,4/1/2004,4/7/2005,3/27/2006,3/30/2007,3/27/2008,3/27/2009,3/26/2010,4/4/2011,4/1/2012,3/23/2013,3/31/2014,4/1/2015,4/5/2016,4/12/2017,3/27/2018,4/6/2019,4/7/2020,3/28/2021,4  3,
Tokyo,TRUE,4/5/1953,4/1/1954,4/5/1955,4/8/1956,4/10/1957,4/6/1958,4/5/1959,4/1/1960,4/8/1961,4/9/1962,4/6/1963,4/5/1964,4/12/1965,4/5/1966,4/5/1967,4/3/1968,4/10/1969,4/15/1970,4/5/1971,4/1/1972,4/8/1973,4/9/1974,4/6/1975,3/31/1976,3/31/1977,4/9/1978,4/4/1979,4/8/1980,4/8/1981,3/31/1982,4/8/1983,4/17/1984,4/10/1985,4/10/1986,4/5/1987,4/11/1988,4/3/1989,3/26/1990,4/8/1991,4/1/1992,4/2/1993,4/5/1994,4/7/1995,4/7/1996,3/30/1997,3/31/1998,4/2/1999,4/6/2000,3/28/2001,3/21/2002,4/1/2003,3/29/2004,4/6/2005,3/28/2006,3/29/2007,3/27/2008,4/2/2009,4/1/2010,4/6/2011,4/6/2012,3/22/2013,3/30/2014,3/29/2015,3/31/2016,4/2/2017,3/24/2018,3/27/2019,3/22/2020,3/22/2021,4  3,
Owase,FALSE,4/5/1953,4/4/1954,3/31/1955,4/6/1956,4/10/1957,4/8/1958,3/29/1959,4/2/1960,4/4/1961,4/9/1962,4/6/1963,4/7/1964,4/17/1965,3/29/1966,4/3/1967,4/4/1968,4/8/1969,4/10/1970,4/2/1971,4/3/1972,4/3/1973,4/2/1974,4/6/1975,4/5/1976,3/29/1977,4/10/1978,4/6/1979,4/5/1980,4/3/1981,3/30/1982,4/7/1983,4/11/1984,4/5/1985,4/6/1986,4/6/1987,4/8/1988,3/30/1989,4/1/1990,4/5/1991,4/3/1992,4/7/1993,4/7/1994,4/10/1995,4/3/1996,4/4/1997,3/31/1998,4/1/1999,4/7/2000,4/4/2001,3/27/2002,3/30/2003,4/3/2004,4/8/2005,3/30/2006,3/30/2007,,,,,,,,,,,,,,,-,
Yokohama,TRUE,3/31/1953,4/1/1954,4/4/1955,4/9/1956,4/10/1957,4/5/1958,4/3/1959,4/3/1960,4/7/1961,4/9/1962,4/7/1963,4/6/1964,4/10/1965,4/5/1966,4/4/1967,4/1/1968,4/11/1969,4/13/1970,4/5/1971,3/31/1972,4/6/1973,4/6/1974,4/7/1975,4/6/1976,4/3/1977,4/14/1978,4/4/1979,4/9/1980,4/7/1981,3/31/1982,4/8/1983,4/15/1984,4/8/1985,4/9/1986,3/31/1987,4/9/1988,4/1/1989,3/23/1990,4/6/1991,3/31/1992,4/2/1993,4/6/1994,4/7/1995,4/4/1996,3/31/1997,4/4/1998,4/2/1999,4/7/2000,3/29/2001,3/22/2002,4/1/2003,3/30/2004,4/7/2005,3/28/2006,3/30/2007,3/29/2008,4/4/2009,4/2/2010,4/8/2011,4/9/2012,3/22/2013,3/31/2014,3/31/2015,4/2/2016,4/6/2017,3/27/2018,4/1/2019,3/28/2020,3/27/2021,4  3,
Tateyama,FALSE,,,,,,,,,,,,,,,,,4/9/1969,4/11/1970,4/4/1971,4/3/1972,4/9/1973,4/8/1974,4/7/1975,4/4/1976,4/2/1977,4/16/1978,4/7/1979,4/12/1980,4/7/1981,4/2/1982,4/12/1983,4/15/1984,4/8/1985,4/9/1986,4/6/1987,4/12/1988,4/3/1989,4/1/1990,4/9/1991,4/3/1992,4/7/1993,4/8/1994,4/9/1995,4/5/1996,4/7/1997,4/6/1998,4/10/1999,4/10/2000,4/3/2001,3/27/2002,4/3/2003,4/5/2004,4/8/2005,3/29/2006,,,,,,,,,,,,,,,,-,
Oshima,FALSE,,4/2/1954,,,,,,,,,,4/7/1964,4/12/1965,3/31/1966,4/3/1967,3/31/1968,4/9/1969,4/8/1970,4/3/1971,4/5/1972,4/8/1973,4/9/1974,4/7/1975,4/4/1976,4/2/1977,4/11/1978,4/4/1979,4/9/1980,4/6/1981,4/1/1982,4/9/1983,4/13/1984,4/7/1985,4/7/1986,4/3/1987,4/12/1988,3/31/1989,4/2/1990,4/6/1991,4/3/1992,4/6/1993,4/7/1994,4/6/1995,4/6/1996,4/1/1997,3/31/1998,4/2/1999,4/9/2000,3/29/2001,3/23/2002,3/31/2003,4/1/2004,4/7/2005,3/28/2006,3/31/2007,3/31/2008,4/4/2009,,,,,,,,,,,,,-,
Miyakejima,FALSE,,,,,,,,,,,,,4/9/1965,3/26/1966,3/31/1967,4/2/1968,4/4/1969,,4/2/1971,4/6/1972,4/7/1973,3/31/1974,,4/2/1976,3/27/1977,4/11/1978,4/10/1979,4/6/1980,4/3/1981,4/1/1982,4/9/1983,4/10/1984,4/1/1985,4/5/1986,4/8/1987,4/13/1988,4/2/1989,4/4/1990,4/6/1991,4/7/1992,4/12/1993,4/7/1994,4/10/1995,4/5/1996,3/31/1997,4/6/1998,3/28/1999,4/8/2000,,,,,,,,,,,,,,,,,,,,,,-,
Hachijojima,FALSE,4/4/1953,4/11/1954,4/4/1955,4/5/1956,4/12/1957,4/16/1958,4/20/1959,4/15/1960,4/10/1961,4/16/1962,4/8/1963,4/12/1964,4/16/1965,4/10/1966,4/4/1967,4/5/1968,4/30/1969,4/10/1970,4/6/1971,4/19/1972,4/11/1973,4/4/1974,4/13/1975,4/3/1976,4/1/1977,4/14/1978,5/1/1979,4/11/1980,3/31/1981,4/4/1982,4/15/1983,4/8/1984,4/8/1985,4/4/1986,4/21/1987,4/15/1988,4/7/1989,4/13/1990,4/9/1991,4/11/1992,4/16/1993,4/10/1994,4/11/1995,3/29/1996,4/5/1997,4/10/1998,4/6/1999,4/13/2000,4/6/2001,4/6/2002,4/4/2003,4/1/2004,4/18/2005,4/3/2006,,4/7/2008,4/18/2009,,,,,,,,,,,,,-,
Saigo,FALSE,4/18/1953,4/5/1954,4/9/1955,4/14/1956,4/17/1957,4/10/1958,4/3/1959,4/7/1960,4/10/1961,4/14/1962,4/14/1963,4/13/1964,4/17/1965,4/8/1966,4/8/1967,4/12/1968,4/15/1969,4/17/1970,4/13/1971,4/11/1972,4/11/1973,4/14/1974,4/12/1975,4/11/1976,4/8/1977,4/14/1978,4/7/1979,4/15/1980,4/13/1981,4/8/1982,4/12/1983,4/20/1984,4/13/1985,4/14/1986,4/6/1987,4/17/1988,4/5/1989,4/3/1990,4/15/1991,4/6/1992,4/14/1993,4/14/1994,4/13/1995,4/19/1996,4/8/1997,4/5/1998,4/9/1999,4/12/2000,4/8/2001,4/1/2002,4/9/2003,4/2/2004,4/12/2005,4/9/2006,4/10/2007,4/8/2008,,,,,,,,,,,,,,-,
Matsue,TRUE,4/9/1953,4/3/1954,4/7/1955,4/9/1956,4/15/1957,4/8/1958,,,,,,4/7/1964,4/18/1965,,4/5/1967,4/10/1968,4/14/1969,4/16/1970,4/12/1971,4/10/1972,4/7/1973,4/11/1974,4/11/1975,4/13/1976,4/5/1977,4/14/1978,4/4/1979,4/10/1980,4/12/1981,4/7/1982,4/11/1983,4/17/1984,4/11/1985,4/13/1986,4/7/1987,4/15/1988,4/3/1989,3/30/1990,4/12/1991,4/5/1992,4/15/1993,4/10/1994,4/9/1995,4/14/1996,4/4/1997,4/4/1998,4/6/1999,4/8/2000,4/6/2001,3/30/2002,4/6/2003,3/31/2004,4/8/2005,4/6/2006,4/3/2007,4/6/2008,4/6/2009,4/3/2010,4/12/2011,4/10/2012,3/31/2013,4/2/2014,4/2/2015,3/30/2016,4/7/2017,3/29/2018,4/1/2019,3/30/2020,3/27/2021,4  8,
Yonago,FALSE,,4/15/1954,4/6/1955,4/11/1956,4/15/1957,4/8/1958,3/30/1959,4/3/1960,4/5/1961,4/10/1962,4/11/1963,4/5/1964,4/17/1965,4/6/1966,4/6/1967,4/8/1968,4/13/1969,4/15/1970,4/10/1971,4/7/1972,4/6/1973,4/9/1974,4/9/1975,4/7/1976,4/5/1977,4/12/1978,4/5/1979,4/10/1980,4/8/1981,4/4/1982,4/12/1983,4/17/1984,4/9/1985,4/11/1986,4/6/1987,4/14/1988,4/2/1989,3/30/1990,4/12/1991,4/6/1992,4/13/1993,4/10/1994,4/9/1995,4/11/1996,4/4/1997,3/31/1998,4/3/1999,4/8/2000,4/1/2001,3/28/2002,4/6/2003,3/29/2004,4/8/2005,4/7/2006,4/3/2007,4/5/2008,,,,,,,,,,,,,,-,
Tottori,TRUE,4/8/1953,4/3/1954,4/4/1955,4/8/1956,4/15/1957,4/7/1958,4/2/1959,4/4/1960,4/9/1961,4/10/1962,4/12/1963,4/8/1964,4/17/1965,4/5/1966,4/6/1967,4/9/1968,4/14/1969,4/15/1970,4/10/1971,4/7/1972,4/8/1973,4/9/1974,4/9/1975,4/8/1976,4/7/1977,4/13/1978,4/7/1979,4/9/1980,4/7/1981,4/4/1982,4/8/1983,4/17/1984,4/10/1985,4/12/1986,4/6/1987,4/15/1988,4/3/1989,3/30/1990,4/10/1991,4/6/1992,4/14/1993,4/9/1994,4/8/1995,4/14/1996,4/4/1997,3/31/1998,4/1/1999,4/9/2000,4/3/2001,3/30/2002,4/7/2003,3/29/2004,4/8/2005,4/7/2006,4/8/2007,4/4/2008,4/7/2009,4/4/2010,4/8/2011,4/10/2012,3/29/2013,4/2/2014,4/1/2015,3/31/2016,4/7/2017,3/28/2018,4/4/2019,3/31/2020,3/29/2021,4  7,
Toyooka,FALSE,4/10/1953,4/5/1954,4/5/1955,4/11/1956,4/11/1957,4/8/1958,3/31/1959,4/2/1960,4/9/1961,4/12/1962,4/13/1963,4/7/1964,4/17/1965,4/6/1966,4/8/1967,4/10/1968,4/14/1969,4/18/1970,4/11/1971,4/5/1972,4/8/1973,4/10/1974,4/10/1975,4/10/1976,4/11/1977,4/14/1978,4/5/1979,4/9/1980,4/9/1981,4/4/1982,4/7/1983,4/18/1984,4/12/1985,4/14/1986,4/9/1987,4/16/1988,4/3/1989,4/1/1990,4/10/1991,4/6/1992,4/13/1993,4/11/1994,4/10/1995,4/15/1996,4/9/1997,4/3/1998,4/6/1999,4/12/2000,4/4/2001,3/31/2002,4/8/2003,3/31/2004,4/9/2005,4/9/2006,4/3/2007,,,,,,,,,,,,,,,-,
Maizuru,FALSE,4/10/1953,4/4/1954,4/7/1955,4/11/1956,4/16/1957,4/9/1958,4/3/1959,4/5/1960,4/9/1961,4/10/1962,4/11/1963,4/7/1964,4/17/1965,4/6/1966,4/9/1967,4/13/1968,4/13/1969,4/18/1970,4/11/1971,4/6/1972,4/9/1973,4/11/1974,4/11/1975,4/11/1976,4/10/1977,4/14/1978,4/5/1979,4/10/1980,4/11/1981,4/4/1982,4/10/1983,4/18/1984,4/10/1985,4/11/1986,4/6/1987,4/15/1988,4/3/1989,3/31/1990,4/10/1991,4/5/1992,4/11/1993,4/12/1994,4/12/1995,4/15/1996,4/8/1997,3/31/1998,4/4/1999,4/12/2000,4/5/2001,3/31/2002,4/9/2003,3/31/2004,4/10/2005,4/10/2006,4/9/2007,4/7/2008,4/6/2009,4/6/2010,4/10/2011,4/12/2012,,,,,,,,,,4  8,
Hamada,FALSE,4/2/1953,4/2/1954,4/2/1955,4/11/1956,4/13/1957,4/5/1958,4/3/1959,4/4/1960,4/4/1961,4/9/1962,4/10/1963,4/5/1964,4/11/1965,4/3/1966,4/5/1967,4/8/1968,4/12/1969,4/13/1970,4/8/1971,4/11/1972,4/6/1973,4/9/1974,4/8/1975,4/6/1976,4/2/1977,4/11/1978,4/5/1979,4/6/1980,4/6/1981,3/30/1982,4/8/1983,4/13/1984,4/9/1985,4/9/1986,4/7/1987,4/12/1988,4/2/1989,3/27/1990,4/11/1991,4/2/1992,4/10/1993,4/6/1994,4/10/1995,4/7/1996,4/7/1997,3/30/1998,4/3/1999,4/4/2000,4/3/2001,3/26/2002,4/3/2003,4/3/2004,4/7/2005,4/4/2006,4/1/2007,,,,,,,,,,,,,,,-,
Kyoto,TRUE,4/11/1953,4/5/1954,4/7/1955,4/10/1956,4/12/1957,4/8/1958,4/2/1959,4/5/1960,4/6/1961,4/7/1962,4/9/1963,4/6/1964,4/17/1965,4/6/1966,4/6/1967,4/5/1968,4/13/1969,4/15/1970,4/7/1971,4/7/1972,4/8/1973,4/9/1974,4/10/1975,4/9/1976,4/3/1977,4/13/1978,4/9/1979,4/8/1980,4/8/1981,3/31/1982,4/9/1983,4/14/1984,4/8/1985,4/8/1986,4/6/1987,4/11/1988,4/2/1989,3/29/1990,4/6/1991,4/3/1992,4/6/1993,4/6/1994,4/6/1995,4/9/1996,4/4/1997,4/1/1998,4/2/1999,4/10/2000,4/3/2001,3/28/2002,4/4/2003,4/3/2004,4/8/2005,4/6/2006,4/3/2007,4/1/2008,4/5/2009,4/1/2010,4/7/2011,4/9/2012,3/30/2013,4/2/2014,4/1/2015,4/2/2016,4/7/2017,3/28/2018,4/6/2019,3/30/2020,3/26/2021,4  5,
Hikone,TRUE,4/12/1953,4/7/1954,4/8/1955,4/12/1956,4/16/1957,4/10/1958,4/5/1959,4/10/1960,4/12/1961,4/13/1962,4/12/1963,4/13/1964,4/24/1965,4/13/1966,4/12/1967,4/13/1968,4/14/1969,4/18/1970,4/10/1971,4/8/1972,4/8/1973,4/12/1974,4/11/1975,4/10/1976,4/10/1977,4/14/1978,4/9/1979,4/12/1980,4/11/1981,4/5/1982,4/11/1983,4/19/1984,4/11/1985,4/14/1986,4/9/1987,4/14/1988,4/4/1989,4/2/1990,4/9/1991,4/6/1992,4/11/1993,4/11/1994,4/10/1995,4/17/1996,4/6/1997,4/5/1998,4/8/1999,4/14/2000,4/8/2001,4/2/2002,4/6/2003,4/2/2004,4/10/2005,4/12/2006,4/11/2007,4/6/2008,4/8/2009,4/7/2010,4/11/2011,4/12/2012,4/5/2013,4/9/2014,4/4/2015,4/5/2016,4/9/2017,4/1/2018,4/8/2019,4/3/2020,3/30/2021,4  9,
Hiroshima,TRUE,4/11/1953,4/6/1954,4/6/1955,4/11/1956,4/11/1957,4/7/1958,4/3/1959,4/8/1960,4/6/1961,4/12/1962,4/8/1963,4/6/1964,4/17/1965,4/7/1966,4/8/1967,4/7/1968,4/13/1969,4/14/1970,4/7/1971,4/7/1972,4/3/1973,4/7/1974,4/8/1975,4/4/1976,4/2/1977,4/10/1978,4/7/1979,4/6/1980,4/5/1981,4/1/1982,4/8/1983,4/14/1984,4/8/1985,4/8/1986,4/5/1987,4/10/1988,4/1/1989,3/31/1990,4/7/1991,4/3/1992,4/4/1993,4/4/1994,4/8/1995,4/8/1996,4/1/1997,3/29/1998,4/4/1999,4/4/2000,4/1/2001,3/27/2002,4/1/2003,3/31/2004,4/9/2005,4/6/2006,4/2/2007,4/2/2008,4/5/2009,4/2/2010,4/10/2011,4/9/2012,3/29/2013,3/30/2014,3/30/2015,4/2/2016,4/7/2017,3/28/2018,4/3/2019,4/3/2020,3/25/2021,4  4,
Okayama,TRUE,4/9/1953,4/3/1954,4/3/1955,4/9/1956,4/10/1957,4/7/1958,4/2/1959,4/6/1960,4/7/1961,4/11/1962,4/11/1963,4/6/1964,4/15/1965,4/3/1966,4/7/1967,4/9/1968,4/12/1969,4/14/1970,4/8/1971,4/7/1972,4/6/1973,4/11/1974,4/10/1975,4/7/1976,4/5/1977,4/10/1978,4/5/1979,4/9/1980,4/8/1981,4/2/1982,4/8/1983,4/15/1984,4/9/1985,4/10/1986,4/5/1987,4/13/1988,4/2/1989,3/30/1990,4/7/1991,4/5/1992,4/8/1993,4/6/1994,4/8/1995,4/10/1996,4/4/1997,4/1/1998,4/3/1999,4/8/2000,4/6/2001,3/29/2002,4/5/2003,4/2/2004,4/9/2005,4/7/2006,4/4/2007,4/4/2008,4/5/2009,4/3/2010,4/7/2011,4/9/2012,3/31/2013,4/2/2014,4/2/2015,4/1/2016,4/7/2017,3/28/2018,4/5/2019,3/31/2020,3/29/2021,4  6,
Kobe,TRUE,4/9/1953,4/4/1954,4/7/1955,4/7/1956,4/11/1957,4/7/1958,3/31/1959,4/7/1960,4/5/1961,4/10/1962,4/14/1963,4/9/1964,4/14/1965,4/3/1966,4/3/1967,4/4/1968,4/12/1969,4/13/1970,4/3/1971,4/5/1972,4/4/1973,4/7/1974,4/7/1975,4/6/1976,3/31/1977,4/10/1978,4/7/1979,4/8/1980,4/6/1981,3/31/1982,4/8/1983,4/14/1984,4/7/1985,4/9/1986,4/5/1987,4/11/1988,4/1/1989,3/28/1990,4/6/1991,4/3/1992,4/10/1993,4/6/1994,4/10/1995,4/8/1996,4/2/1997,3/31/1998,4/2/1999,4/8/2000,4/2/2001,3/30/2002,4/2/2003,4/6/2004,4/9/2005,4/8/2006,4/8/2007,4/3/2008,4/6/2009,4/4/2010,4/10/2011,4/9/2012,3/31/2013,4/1/2014,4/2/2015,4/3/2016,4/10/2017,3/29/2018,4/6/2019,4/3/2020,3/30/2021,4  5,
Osaka,TRUE,,,,,4/10/1957,,4/3/1959,4/9/1960,,4/9/1962,,,4/15/1965,4/5/1966,4/3/1967,4/4/1968,4/10/1969,4/14/1970,4/7/1971,4/5/1972,4/5/1973,4/8/1974,4/9/1975,4/7/1976,4/1/1977,4/10/1978,4/9/1979,4/9/1980,4/6/1981,3/31/1982,4/8/1983,4/16/1984,4/8/1985,4/9/1986,4/7/1987,4/11/1988,4/1/1989,3/30/1990,4/6/1991,4/2/1992,4/7/1993,4/6/1994,4/7/1995,4/9/1996,4/4/1997,4/3/1998,3/29/1999,4/8/2000,4/4/2001,3/28/2002,4/2/2003,4/2/2004,4/8/2005,4/4/2006,4/3/2007,4/2/2008,4/6/2009,4/4/2010,4/7/2011,4/9/2012,3/29/2013,4/2/2014,4/1/2015,4/1/2016,4/6/2017,3/26/2018,4/4/2019,4/3/2020,3/28/2021,4  5,
Sumoto,FALSE,4/15/1953,4/2/1954,4/7/1955,4/10/1956,4/12/1957,4/5/1958,4/3/1959,,4/7/1961,4/8/1962,4/10/1963,4/6/1964,4/14/1965,3/31/1966,4/3/1967,4/6/1968,4/11/1969,4/12/1970,4/4/1971,4/5/1972,4/4/1973,4/6/1974,4/7/1975,4/5/1976,4/1/1977,4/10/1978,4/5/1979,4/8/1980,4/7/1981,4/1/1982,4/9/1983,4/15/1984,4/9/1985,4/10/1986,4/5/1987,4/13/1988,4/1/1989,3/27/1990,4/9/1991,4/3/1992,4/9/1993,4/6/1994,4/11/1995,4/10/1996,4/6/1997,3/30/1998,4/6/1999,4/9/2000,4/3/2001,3/28/2002,,,,,,,,,,,,,,,,,,,,-,
Wakayama,TRUE,,,4/3/1955,4/3/1956,4/8/1957,4/4/1958,3/27/1959,4/4/1960,4/3/1961,4/8/1962,4/5/1963,4/5/1964,4/11/1965,3/29/1966,4/1/1967,4/2/1968,4/12/1969,4/12/1970,4/2/1971,4/2/1972,4/2/1973,4/3/1974,4/4/1975,4/2/1976,3/28/1977,4/8/1978,4/5/1979,4/6/1980,4/2/1981,3/28/1982,4/7/1983,4/11/1984,4/6/1985,4/8/1986,4/8/1987,4/12/1988,4/2/1989,4/1/1990,4/5/1991,4/3/1992,4/7/1993,4/6/1994,4/7/1995,4/8/1996,4/1/1997,4/4/1998,4/2/1999,4/6/2000,4/2/2001,3/26/2002,4/3/2003,4/1/2004,4/7/2005,4/4/2006,4/1/2007,4/2/2008,4/3/2009,3/31/2010,4/7/2011,4/4/2012,3/26/2013,3/31/2014,3/30/2015,3/31/2016,4/7/2017,3/27/2018,4/1/2019,3/31/2020,3/27/2021,4  4,
Shionomisaki,FALSE,,,,,,4/7/1958,,3/30/1960,,4/10/1962,4/4/1963,4/9/1964,4/13/1965,3/31/1966,3/31/1967,4/2/1968,4/11/1969,4/9/1970,4/4/1971,4/5/1972,4/7/1973,4/5/1974,4/5/1975,4/2/1976,3/26/1977,4/12/1978,4/8/1979,4/7/1980,4/1/1981,4/2/1982,4/7/1983,4/9/1984,4/5/1985,4/7/1986,4/7/1987,4/11/1988,3/30/1989,4/2/1990,4/4/1991,4/5/1992,4/14/1993,4/9/1994,4/9/1995,4/1/1996,4/7/1997,4/3/1998,4/7/1999,4/9/2000,4/3/2001,3/30/2002,3/31/2003,4/3/2004,4/8/2005,3/29/2006,4/6/2007,4/2/2008,3/30/2009,,,,,,,,,,,,,-,
Nara,TRUE,,4/4/1954,4/6/1955,4/7/1956,4/13/1957,4/8/1958,3/29/1959,4/4/1960,4/7/1961,4/9/1962,4/7/1963,4/7/1964,4/17/1965,4/8/1966,4/8/1967,4/8/1968,4/12/1969,4/17/1970,4/7/1971,4/6/1972,4/5/1973,4/8/1974,4/9/1975,4/5/1976,4/4/1977,4/11/1978,4/6/1979,4/8/1980,4/6/1981,4/1/1982,4/7/1983,4/16/1984,4/8/1985,4/10/1986,4/6/1987,4/14/1988,4/2/1989,3/28/1990,4/5/1991,4/1/1992,4/7/1993,4/6/1994,4/8/1995,4/8/1996,4/3/1997,3/31/1998,4/2/1999,4/10/2000,4/4/2001,3/26/2002,4/4/2003,3/30/2004,4/7/2005,4/5/2006,4/4/2007,4/3/2008,4/6/2009,4/2/2010,4/8/2011,4/9/2012,3/29/2013,4/1/2014,3/31/2015,4/2/2016,4/8/2017,3/29/2018,4/5/2019,4/3/2020,3/30/2021,4  5,
Matsuyama,TRUE,4/9/1953,4/7/1954,4/6/1955,4/8/1956,4/9/1957,4/7/1958,4/3/1959,4/9/1960,4/5/1961,4/11/1962,4/15/1963,4/4/1964,4/10/1965,4/5/1966,4/3/1967,4/4/1968,4/11/1969,4/12/1970,4/3/1971,4/6/1972,4/3/1973,4/5/1974,4/7/1975,4/6/1976,3/30/1977,4/10/1978,4/5/1979,4/5/1980,4/1/1981,3/27/1982,4/6/1983,4/11/1984,4/6/1985,4/6/1986,4/6/1987,4/12/1988,4/1/1989,3/28/1990,4/5/1991,4/2/1992,4/7/1993,4/5/1994,4/8/1995,4/8/1996,4/1/1997,4/5/1998,4/2/1999,4/4/2000,3/30/2001,3/26/2002,4/2/2003,4/2/2004,4/7/2005,4/3/2006,4/1/2007,4/4/2008,4/1/2009,4/2/2010,4/6/2011,4/4/2012,3/27/2013,3/29/2014,4/1/2015,4/3/2016,4/8/2017,3/27/2018,4/5/2019,4/9/2020,3/27/2021,4  4,
Takamatsu,TRUE,4/8/1953,4/6/1954,4/7/1955,4/10/1956,4/12/1957,4/7/1958,4/3/1959,4/6/1960,4/8/1961,4/11/1962,4/10/1963,4/6/1964,4/12/1965,4/4/1966,4/5/1967,4/8/1968,4/11/1969,4/14/1970,4/6/1971,4/7/1972,4/6/1973,4/9/1974,4/7/1975,4/7/1976,4/1/1977,4/10/1978,4/7/1979,4/7/1980,4/6/1981,4/2/1982,4/9/1983,4/15/1984,4/8/1985,4/10/1986,4/5/1987,4/13/1988,4/2/1989,3/29/1990,4/7/1991,4/4/1992,4/8/1993,4/6/1994,4/8/1995,4/10/1996,4/4/1997,4/2/1998,4/4/1999,4/6/2000,3/31/2001,3/23/2002,4/4/2003,4/3/2004,4/6/2005,4/6/2006,4/4/2007,4/3/2008,4/3/2009,4/4/2010,4/8/2011,4/6/2012,3/30/2013,3/31/2014,4/1/2015,4/4/2016,4/8/2017,3/29/2018,4/4/2019,4/4/2020,3/27/2021,4  5,
Uwajima,FALSE,,,,,,,,,,,,,,,4/3/1967,4/1/1968,4/10/1969,4/11/1970,4/2/1971,4/2/1972,4/2/1973,4/2/1974,4/5/1975,4/4/1976,3/27/1977,4/10/1978,4/7/1979,4/5/1980,3/31/1981,3/25/1982,4/4/1983,4/6/1984,4/5/1985,4/3/1986,4/5/1987,4/8/1988,3/31/1989,3/26/1990,3/31/1991,3/31/1992,4/8/1993,4/6/1994,4/7/1995,4/1/1996,3/29/1997,4/3/1998,4/1/1999,4/4/2000,3/28/2001,3/23/2002,3/28/2003,4/1/2004,4/5/2005,,,,,,,,,,,,,,,,,-,
Kochi,TRUE,,,3/28/1955,3/31/1956,4/7/1957,,4/1/1959,4/3/1960,4/2/1961,4/7/1962,4/3/1963,,4/9/1965,3/27/1966,3/28/1967,3/31/1968,4/6/1969,4/5/1970,3/30/1971,3/30/1972,3/31/1973,3/31/1974,3/31/1975,3/30/1976,3/27/1977,4/9/1978,4/3/1979,4/2/1980,3/28/1981,3/24/1982,4/4/1983,4/3/1984,3/31/1985,4/2/1986,4/3/1987,4/7/1988,3/24/1989,3/23/1990,3/29/1991,4/2/1992,4/6/1993,4/5/1994,4/7/1995,4/2/1996,3/26/1997,3/31/1998,4/1/1999,4/3/2000,3/30/2001,3/23/2002,3/25/2003,3/31/2004,4/6/2005,3/24/2006,4/1/2007,3/28/2008,3/24/2009,3/21/2010,3/31/2011,3/27/2012,3/22/2013,3/25/2014,3/30/2015,4/2/2016,4/6/2017,3/19/2018,3/29/2019,4/2/2020,3/23/2021,3 30,
Tokushima,TRUE,4/5/1953,4/5/1954,4/4/1955,4/7/1956,4/10/1957,4/6/1958,4/3/1959,4/3/1960,4/6/1961,4/9/1962,4/9/1963,4/5/1964,4/12/1965,3/28/1966,4/1/1967,4/5/1968,4/11/1969,4/12/1970,4/4/1971,4/5/1972,4/4/1973,4/7/1974,4/7/1975,4/5/1976,4/1/1977,4/8/1978,4/9/1979,4/6/1980,4/6/1981,3/31/1982,4/9/1983,4/10/1984,4/8/1985,4/7/1986,4/7/1987,4/13/1988,4/3/1989,3/31/1990,4/7/1991,4/4/1992,4/9/1993,4/7/1994,4/7/1995,4/6/1996,4/2/1997,4/3/1998,4/2/1999,4/7/2000,4/3/2001,3/27/2002,4/3/2003,4/3/2004,4/6/2005,4/4/2006,4/3/2007,4/3/2008,4/3/2009,4/6/2010,4/8/2011,4/5/2012,3/30/2013,4/1/2014,4/3/2015,4/8/2016,4/10/2017,3/28/2018,4/7/2019,4/5/2020,4/1/2021,4  5,
Shimonoseki,TRUE,4/10/1953,4/6/1954,4/5/1955,4/9/1956,4/11/1957,4/8/1958,4/5/1959,4/6/1960,4/6/1961,4/10/1962,4/11/1963,4/7/1964,4/11/1965,4/6/1966,4/6/1967,4/7/1968,4/12/1969,4/13/1970,4/8/1971,4/11/1972,4/2/1973,4/5/1974,4/5/1975,4/8/1976,4/1/1977,4/7/1978,4/9/1979,4/8/1980,4/6/1981,4/2/1982,4/9/1983,4/12/1984,4/9/1985,4/9/1986,4/8/1987,4/13/1988,4/2/1989,3/31/1990,4/12/1991,4/4/1992,4/9/1993,4/5/1994,4/10/1995,4/7/1996,4/1/1997,4/5/1998,4/6/1999,4/5/2000,4/4/2001,3/28/2002,4/1/2003,4/2/2004,4/8/2005,4/7/2006,4/2/2007,4/4/2008,4/1/2009,4/1/2010,4/7/2011,4/6/2012,3/28/2013,3/30/2014,4/1/2015,4/3/2016,4/7/2017,3/29/2018,4/5/2019,4/5/2020,3/26/2021,4  5,
Izuhara,FALSE,4/8/1953,4/2/1954,4/4/1955,4/12/1956,4/10/1957,4/6/1958,3/30/1959,4/3/1960,4/2/1961,4/12/1962,4/6/1963,4/4/1964,4/11/1965,4/4/1966,4/3/1967,4/4/1968,4/8/1969,4/8/1970,4/2/1971,4/6/1972,3/31/1973,4/6/1974,4/5/1975,4/7/1976,3/29/1977,4/7/1978,4/8/1979,4/4/1980,4/2/1981,3/27/1982,4/7/1983,4/10/1984,4/6/1985,4/6/1986,3/29/1987,4/13/1988,3/31/1989,3/26/1990,4/9/1991,4/1/1992,4/10/1993,4/6/1994,4/10/1995,4/7/1996,3/28/1997,4/2/1998,4/3/1999,4/2/2000,4/3/2001,3/24/2002,3/30/2003,4/2/2004,4/7/2005,3/30/2006,4/2/2007,4/2/2008,3/26/2009,,,,,,,,,,,,,-,
Fukuoka,TRUE,4/5/1953,4/8/1954,4/5/1955,4/9/1956,4/8/1957,4/5/1958,4/1/1959,3/31/1960,,4/8/1962,4/7/1963,4/4/1964,4/8/1965,4/4/1966,4/4/1967,4/3/1968,4/7/1969,4/8/1970,4/4/1971,4/5/1972,4/2/1973,4/4/1974,4/6/1975,4/2/1976,3/29/1977,4/8/1978,4/6/1979,4/5/1980,4/2/1981,3/26/1982,4/4/1983,4/10/1984,4/7/1985,4/3/1986,4/3/1987,4/9/1988,3/28/1989,3/28/1990,4/6/1991,3/31/1992,4/5/1993,4/5/1994,4/8/1995,4/1/1996,3/28/1997,4/3/1998,4/1/1999,4/2/2000,4/1/2001,3/25/2002,3/28/2003,3/30/2004,4/6/2005,4/3/2006,3/31/2007,4/2/2008,3/23/2009,3/25/2010,4/2/2011,4/1/2012,3/22/2013,3/27/2014,3/29/2015,3/30/2016,4/5/2017,3/27/2018,3/29/2019,4/2/2020,3/22/2021,4  1,
Saga,TRUE,4/9/1953,4/5/1954,4/4/1955,4/4/1956,4/7/1957,4/4/1958,3/31/1959,4/8/1960,4/1/1961,4/9/1962,4/5/1963,4/3/1964,4/3/1965,4/2/1966,,4/5/1968,4/8/1969,4/10/1970,4/6/1971,4/4/1972,3/31/1973,4/3/1974,4/5/1975,4/3/1976,3/28/1977,4/10/1978,4/5/1979,4/2/1980,3/31/1981,3/25/1982,4/5/1983,4/6/1984,4/5/1985,4/3/1986,4/4/1987,4/10/1988,4/1/1989,3/31/1990,4/5/1991,4/4/1992,4/6/1993,4/5/1994,4/8/1995,4/5/1996,3/31/1997,3/31/1998,4/1/1999,4/3/2000,4/4/2001,3/27/2002,3/30/2003,3/31/2004,4/7/2005,4/3/2006,3/31/2007,4/2/2008,3/29/2009,4/2/2010,4/5/2011,4/3/2012,3/25/2013,3/26/2014,3/31/2015,3/31/2016,4/8/2017,3/27/2018,4/1/2019,4/2/2020,3/24/2021,4  3,
Oita,TRUE,4/6/1953,4/3/1954,4/2/1955,4/9/1956,4/9/1957,4/7/1958,4/2/1959,4/5/1960,4/6/1961,4/11/1962,4/9/1963,4/6/1964,4/11/1965,4/2/1966,4/3/1967,4/4/1968,4/10/1969,4/11/1970,4/5/1971,4/6/1972,4/2/1973,4/2/1974,4/6/1975,4/10/1976,3/30/1977,4/9/1978,4/8/1979,4/5/1980,4/1/1981,3/27/1982,4/5/1983,4/9/1984,4/5/1985,4/4/1986,4/6/1987,4/12/1988,4/1/1989,3/27/1990,4/5/1991,4/3/1992,4/8/1993,4/5/1994,4/7/1995,4/7/1996,4/1/1997,4/2/1998,4/8/1999,4/3/2000,4/4/2001,3/28/2002,4/2/2003,4/3/2004,4/8/2005,4/3/2006,4/4/2007,4/4/2008,3/28/2009,3/29/2010,4/5/2011,4/3/2012,3/25/2013,3/30/2014,4/3/2015,4/8/2016,4/13/2017,3/30/2018,4/6/2019,4/8/2020,3/30/2021,4  3,
Fukue,FALSE,4/6/1953,4/7/1954,4/2/1955,4/7/1956,4/7/1957,4/3/1958,4/1/1959,4/4/1960,4/3/1961,4/7/1962,4/6/1963,4/3/1964,4/14/1965,3/30/1966,4/4/1967,4/5/1968,4/8/1969,4/8/1970,4/4/1971,4/9/1972,4/4/1973,3/31/1974,4/5/1975,4/3/1976,3/26/1977,4/9/1978,4/7/1979,4/4/1980,4/2/1981,3/29/1982,4/7/1983,4/11/1984,4/4/1985,4/6/1986,4/7/1987,4/12/1988,3/31/1989,3/28/1990,4/5/1991,3/31/1992,4/6/1993,4/7/1994,4/12/1995,4/5/1996,3/30/1997,4/3/1998,4/5/1999,4/3/2000,4/3/2001,3/30/2002,3/31/2003,4/3/2004,4/8/2005,4/3/2006,4/9/2007,4/8/2008,4/1/2009,,,,,,,,,,,,,-,
Nagasaki,TRUE,4/6/1953,4/5/1954,3/31/1955,4/5/1956,4/10/1957,3/28/1958,3/30/1959,4/2/1960,4/3/1961,4/9/1962,4/5/1963,4/4/1964,4/8/1965,4/1/1966,4/3/1967,4/3/1968,4/9/1969,4/9/1970,4/3/1971,4/5/1972,4/1/1973,3/31/1974,4/5/1975,4/2/1976,3/24/1977,4/8/1978,4/4/1979,4/3/1980,3/31/1981,3/28/1982,4/6/1983,4/6/1984,4/5/1985,4/3/1986,4/4/1987,4/9/1988,3/31/1989,3/29/1990,4/4/1991,4/1/1992,4/7/1993,4/5/1994,4/10/1995,4/6/1996,3/29/1997,4/4/1998,4/4/1999,4/2/2000,4/1/2001,3/29/2002,3/29/2003,4/2/2004,4/8/2005,4/3/2006,4/1/2007,4/6/2008,3/27/2009,3/31/2010,4/7/2011,4/2/2012,3/23/2013,3/27/2014,3/31/2015,3/30/2016,4/7/2017,3/26/2018,4/3/2019,4/3/2020,3/23/2021,4  3,
Kumamoto,TRUE,4/4/1953,4/4/1954,3/30/1955,4/1/1956,4/7/1957,4/4/1958,3/29/1959,3/30/1960,3/30/1961,4/9/1962,4/5/1963,4/2/1964,4/10/1965,3/28/1966,4/3/1967,4/3/1968,4/8/1969,4/9/1970,4/4/1971,4/1/1972,4/1/1973,4/5/1974,4/4/1975,4/1/1976,3/26/1977,4/7/1978,4/3/1979,4/1/1980,3/31/1981,3/24/1982,4/3/1983,4/5/1984,4/4/1985,4/2/1986,4/3/1987,4/7/1988,3/29/1989,3/29/1990,4/3/1991,3/30/1992,4/5/1993,4/4/1994,4/8/1995,3/31/1996,3/27/1997,4/1/1998,4/3/1999,4/3/2000,4/3/2001,3/29/2002,3/31/2003,4/2/2004,4/8/2005,3/31/2006,4/2/2007,4/1/2008,3/24/2009,3/26/2010,4/7/2011,4/2/2012,3/22/2013,3/27/2014,3/31/2015,4/2/2016,4/8/2017,3/26/2018,4/4/2019,4/2/2020,3/27/2021,4  1,
Nobeoka,FALSE,,,,,,,,,,4/6/1962,4/5/1963,4/3/1964,4/9/1965,3/27/1966,3/28/1967,3/31/1968,4/3/1969,4/3/1970,4/4/1971,3/30/1972,3/30/1973,3/30/1974,4/3/1975,3/31/1976,3/28/1977,4/10/1978,4/8/1979,4/4/1980,4/1/1981,3/28/1982,4/6/1983,4/5/1984,4/5/1985,4/3/1986,4/4/1987,4/10/1988,3/29/1989,3/30/1990,4/1/1991,4/4/1992,4/7/1993,4/6/1994,,,,,,,,,,,,,,,,,,,,,,,,,,,,-,
Kagoshima,TRUE,4/8/1953,4/8/1954,4/3/1955,4/2/1956,4/7/1957,4/3/1958,3/30/1959,4/3/1960,4/3/1961,4/8/1962,4/6/1963,4/3/1964,4/4/1965,3/27/1966,4/2/1967,4/4/1968,4/7/1969,4/7/1970,4/3/1971,4/1/1972,3/31/1973,4/3/1974,4/10/1975,4/1/1976,3/26/1977,4/11/1978,4/5/1979,3/30/1980,3/28/1981,3/28/1982,4/3/1983,3/31/1984,4/2/1985,3/30/1986,4/2/1987,4/8/1988,4/5/1989,3/29/1990,4/5/1991,4/3/1992,4/10/1993,4/4/1994,4/10/1995,3/31/1996,3/30/1997,4/9/1998,4/6/1999,4/6/2000,4/5/2001,4/1/2002,4/2/2003,4/6/2004,4/9/2005,3/29/2006,4/4/2007,4/12/2008,4/1/2009,4/6/2010,4/5/2011,4/5/2012,3/26/2013,3/31/2014,3/31/2015,4/6/2016,4/15/2017,3/29/2018,4/9/2019,4/19/2020,3/30/2021,4  4,
Miyazaki,TRUE,4/3/1953,4/6/1954,4/4/1955,4/4/1956,4/3/1957,3/30/1958,3/30/1959,3/29/1960,4/2/1961,4/7/1962,4/4/1963,4/3/1964,4/6/1965,4/1/1966,4/1/1967,3/31/1968,4/3/1969,4/7/1970,4/3/1971,3/30/1972,3/31/1973,4/2/1974,4/6/1975,4/2/1976,3/27/1977,4/9/1978,4/6/1979,4/4/1980,3/30/1981,3/24/1982,4/5/1983,4/6/1984,3/31/1985,4/2/1986,4/2/1987,4/6/1988,4/3/1989,3/29/1990,3/28/1991,4/3/1992,4/13/1993,4/5/1994,4/10/1995,4/3/1996,3/31/1997,4/1/1998,4/5/1999,4/5/2000,4/2/2001,3/29/2002,3/30/2003,4/2/2004,4/5/2005,3/30/2006,4/3/2007,4/6/2008,3/23/2009,4/2/2010,4/4/2011,4/3/2012,3/22/2013,3/28/2014,4/1/2015,4/5/2016,4/9/2017,3/26/2018,4/5/2019,4/8/2020,3/29/2021,4  2,
Yakushima,FALSE,,,,,,,,,,,,,,,,,,,,,,,,,,,,,,,,,,,,,,,4/10/1991,,,,,,,,,,,,,,,,,,,,,,,,,,,,,,,-,
Tanegashima,FALSE,4/3/1953,,,,,4/5/1958,4/9/1959,4/5/1960,4/5/1961,,4/3/1963,,4/11/1965,3/31/1966,,4/3/1968,,,,4/7/1972,3/20/1973,4/2/1974,4/15/1975,4/2/1976,3/26/1977,4/15/1978,4/27/1979,4/6/1980,3/27/1981,3/31/1982,4/8/1983,4/3/1984,4/7/1985,4/1/1986,4/5/1987,4/5/1988,4/3/1989,3/28/1990,4/7/1991,4/8/1992,,,,3/28/1996,3/30/1997,,,4/12/2000,4/23/2001,,4/3/2003,3/31/2004,4/9/2005,3/31/2006,4/25/2007,,,,,,,,,,,,,,,-,
Naze,TRUE,2/2/1953,,,1/24/1956,1/31/1957,,2/12/1959,2/5/1960,,,,,,,,,,,,,,1/23/1974,2/3/1975,1/30/1976,1/21/1977,2/8/1978,1/31/1979,2/1/1980,1/31/1981,1/30/1982,1/31/1983,2/2/1984,2/3/1985,1/29/1986,2/5/1987,1/18/1988,1/13/1989,1/28/1990,2/4/1991,1/28/1992,1/29/1993,1/29/1994,2/11/1995,1/22/1996,1/27/1997,1/27/1998,2/4/1999,1/31/2000,2/5/2001,1/29/2002,1/26/2003,2/1/2004,2/8/2005,1/24/2006,2/7/2007,2/2/2008,2/4/2009,2/3/2010,2/7/2011,1/30/2012,1/28/2013,1/31/2014,1/29/2015,2/2/2016,2/13/2017,2/5/2018,2/7/2019,2/7/2020,2/1/2021,1 30,Taiwan cherry (Prunus campanulata)
Yonaguni Island,FALSE,,,,,,,,,,,,,,,,,,,,,,,,,,,,,,,,,,,,,,,,2/10/1992,2/17/1993,2/7/1994,3/2/1995,2/17/1996,2/12/1997,3/1/1998,3/3/1999,2/6/2000,2/21/2001,2/14/2002,2/10/2003,2/11/2004,2/15/2005,1/31/2006,2/16/2007,,,,,,,,,,,,,,,-,Taiwan cherry (Prunus campanulata)
Ishigaki Island,TRUE,,,,,,1/27/1958,2/2/1959,,,2/20/1962,2/15/1963,,,,2/13/1967,1/19/1968,,,2/10/1971,2/20/1972,2/6/1973,1/20/1974,,1/28/1976,2/3/1977,2/18/1978,2/8/1979,2/3/1980,2/2/1981,1/24/1982,2/9/1983,1/26/1984,1/30/1985,2/2/1986,1/27/1987,1/25/1988,1/8/1989,1/30/1990,2/18/1991,1/27/1992,1/29/1993,1/30/1994,2/19/1995,1/23/1996,2/6/1997,3/1/1998,2/24/1999,2/3/2000,2/8/2001,2/1/2002,2/20/2003,2/2/2004,2/7/2005,2/2/2006,2/27/2007,2/20/2008,2/16/2009,2/8/2010,2/10/2011,2/9/2012,2/14/2013,2/10/2014,1/24/2015,3/2/2016,2/19/2017,2/7/2018,2/8/2019,,2/8/2021,2  5,Taiwan cherry (Prunus campanulata)
Miyakojima,TRUE,,2/14/1954,,2/10/1956,1/25/1957,1/28/1958,2/4/1959,,,,,,,,,,,,,,2/12/1973,,2/10/1975,,,,,,2/8/1981,2/13/1982,2/15/1983,1/31/1984,2/6/1985,2/1/1986,2/1/1987,2/8/1988,2/17/1989,2/9/1990,3/2/1991,2/8/1992,2/18/1993,2/14/1994,2/18/1995,1/25/1996,1/27/1997,2/1/1998,2/19/1999,1/23/2000,2/9/2001,2/4/2002,2/3/2003,3/1/2004,2/16/2005,1/31/2006,2/19/2007,2/21/2008,2/7/2009,1/31/2010,1/28/2011,1/30/2012,2/1/2013,2/3/2014,2/4/2015,2/25/2016,2/27/2017,2/8/2018,,,2/10/2021,2  9,Taiwan cherry (Prunus campanulata)
Kumejima,FALSE,,,,,,,,,,2/12/1962,2/20/1963,2/6/1964,1/31/1965,2/5/1966,1/30/1967,,,,,,,,,,,,,2/2/1980,2/6/1981,1/31/1982,2/11/1983,2/3/1984,2/5/1985,1/31/1986,2/2/1987,1/26/1988,1/15/1989,1/23/1990,2/1/1991,2/3/1992,1/25/1993,2/3/1994,2/6/1995,1/28/1996,2/1/1997,2/9/1998,2/8/1999,1/24/2000,1/25/2001,1/28/2002,2/9/2003,2/1/2004,,,,,,,,,,,,,,,,,,-,Taiwan cherry (Prunus campanulata)
Naha,TRUE,,,,,,,,,,,,,,,,,,,,,,,,1/28/1976,,1/28/1978,1/25/1979,2/19/1980,2/3/1981,1/24/1982,2/4/1983,2/4/1984,2/4/1985,1/26/1986,2/10/1987,2/11/1988,1/28/1989,1/31/1990,2/10/1991,2/10/1992,2/7/1993,2/4/1994,2/18/1995,2/2/1996,2/1/1997,1/28/1998,2/15/1999,2/3/2000,2/5/2001,2/5/2002,2/7/2003,2/10/2004,2/14/2005,1/24/2006,2/16/2007,1/25/2008,1/23/2009,2/1/2010,2/2/2011,2/6/2012,1/23/2013,1/27/2014,1/29/2015,2/12/2016,2/8/2017,1/30/2018,2/12/2019,2/3/2020,2/1/2021,2  4,Taiwan cherry (Prunus campanulata)
Nago,FALSE,,,,,,,,,,,,,,,,,,,,,,,,,1/21/1977,,,,1/26/1981,1/24/1982,1/28/1983,2/1/1984,2/7/1985,1/28/1986,2/12/1987,1/25/1988,1/18/1989,1/23/1990,1/31/1991,2/4/1992,1/27/1993,1/27/1994,2/3/1995,1/24/1996,1/29/1997,2/12/1998,2/1/1999,1/26/2000,2/2/2001,1/31/2002,,,,,,,,,,,,,,,,,,,,-,Taiwan cherry (Prunus campanulata)
Iriomote Island,FALSE,,,,,,,,,,,,,,,,,,,,,,,2/6/1975,1/27/1976,1/23/1977,,,,2/1/1981,1/21/1982,2/2/1983,1/26/1984,,2/10/1986,2/13/1987,2/5/1988,1/22/1989,2/3/1990,2/27/1991,2/6/1992,2/6/1993,2/2/1994,2/20/1995,1/28/1996,2/4/1997,2/15/1998,3/3/1999,2/8/2000,2/15/2001,2/7/2002,,,,,,,,,,,,,,,,,,,,-,Taiwan cherry (Prunus campanulata)
Minamidaitojima,TRUE,,,,,,,,,,,,,,,,,,,2/3/1971,1/27/1972,,,2/1/1975,,1/31/1977,,2/3/1979,2/9/1980,1/28/1981,1/29/1982,1/29/1983,1/24/1984,1/28/1985,1/24/1986,1/30/1987,,1/30/1989,1/24/1990,2/3/1991,2/1/1992,1/23/1993,1/30/1994,2/10/1995,2/3/1996,2/20/1997,,2/12/1999,1/27/2000,1/29/2001,1/29/2002,2/5/2003,2/7/2004,2/18/2005,1/27/2006,2/14/2007,2/4/2008,2/9/2009,2/15/2010,2/4/2011,2/1/2012,1/21/2013,1/22/2014,2/13/2015,3/1/2016,2/14/2017,1/29/2018,2/12/2019,,,2  2,Taiwan cherry (Prunus campanulata)
